key,ko_chars,en_chars,en_over_ko,slot,slot_px,text_size,first_use
attendance.day,18,20,1.11,none,,,-
attendance.dayShort,4,7,1.75,relative,,14,client/panels/Attendance.lua:74
attendance.login,11,20,1.82,fixed,220,14,client/panels/Attendance.lua:41
attendance.reward.1,6,9,1.5,none,,,-
attendance.reward.2,9,21,2.33,none,,,-
attendance.reward.3,10,22,2.2,none,,,-
attendance.reward.4,7,15,2.14,none,,,-
attendance.reward.5,11,23,2.09,none,,,-
attendance.reward.6,6,9,1.5,none,,,-
attendance.reward.7,12,22,1.83,none,,,-
attendance.title,14,22,1.57,none,,,-
attendance.windowTitle,5,16,3.2,relative,,14,client/panels/Attendance.lua:27
autoStage.bossGate,32,42,1.31,relative,,14,server/AutoStage.server.lua:124
autoStage.moved,21,26,1.24,relative,,14,server/AutoStage.server.lua:117
bag.autoProcess.off,8,9,1.12,relative,,14,client/panels/Inventory/BulkSell.lua:295
bag.autoProcess.on,20,26,1.3,relative,,14,client/panels/Inventory/BulkSell.lua:295
band.every.body,13,24,1.85,relative,,14,client/StageRewardBand.lua:151
band.every.head,2,6,3.0,relative,,14,client/StageRewardBand.lua:151
band.gradeChance,14,14,1.0,relative,,14,client/StageRewardBand.lua:69
band.retry.body,17,19,1.12,relative,,14,client/StageRewardBand.lua:160
band.retry.head,3,5,1.67,relative,,14,client/StageRewardBand.lua:160
band.stone,15,15,1.0,relative,,14,client/StageRewardBand.lua:155
board.footer,40,69,1.73,relative,,14,client/VineLiftView.client.lua:155
board.row,34,36,1.06,relative,,14,client/VineLiftView.client.lua:80
board.rowOpen,39,43,1.1,relative,,14,client/VineLiftView.client.lua:80
board.title,9,10,1.11,relative,,14,client/VineLiftView.client.lua:150
boss.blockedInvite,24,39,1.62,relative,,14,server/PartyServer.server.lua:258
boss.bubble.struggle,21,23,1.1,relative,,14,client/BossTrapView.lua:342
boss.grab.rescueFront,17,38,2.24,relative,,16,client/BossTrapView.lua:285
boss.grab.struggle,24,23,0.96,relative,,14,client/BossTrapView.lua:341
boss.grab.warn,3,8,2.67,relative,,14,client/BossGrabView.lua:237
boss.title.abyssal_lord,10,25,2.5,relative,,14,client/BossIntroCinema.client.lua:123
boss.title.crystal_queen,7,27,3.86,relative,,14,client/BossIntroCinema.client.lua:123
boss.title.frost_giant,7,25,3.57,relative,,14,client/BossIntroCinema.client.lua:123
boss.title.scorpion_queen,9,24,2.67,relative,,14,client/BossIntroCinema.client.lua:123
boss.title.section_guardian,13,29,2.23,relative,,14,client/BossIntroCinema.client.lua:123
boss.title.storm_lord,9,25,2.78,relative,,14,client/BossIntroCinema.client.lua:123
character.best,7,10,1.43,relative,,14,client/panels/Character.lua:28
character.changeClass,5,12,2.4,fixed,150,14,client/panels/Character.lua:98
character.level,2,5,2.5,relative,,14,client/panels/Character.lua:23
character.maxHp,5,6,1.2,relative,,14,client/panels/Character.lua:25
character.milestone,9,11,1.22,relative,,14,client/panels/Character.lua:30
character.power,3,5,1.67,relative,,14,client/panels/Character.lua:24
character.rebirth,2,7,3.5,relative,,14,client/panels/Character.lua:27
character.speed,5,10,2.0,relative,,14,client/panels/Character.lua:29
character.title,3,9,3.0,relative,,14,client/panels/Character.lua:50
character.toTraining,6,12,2.0,fixed,150,14,client/panels/Character.lua:108
character.weapon,5,14,2.8,relative,,14,client/panels/Character.lua:26
chat.primalDrop,32,27,0.84,relative,,14,client/hud/DropFeed.client.lua:59
codex.reward,31,39,1.26,relative,,12,client/panels/Inventory/CodexTab.lua:157
codex.stealLock.body,158,266,1.68,relative,,14,shared/data/HelpCodexData.lua:58
codex.stealLock.title,15,27,1.8,relative,,14,shared/data/HelpCodexData.lua:58
codex.summary,33,33,1.0,relative,,14,client/panels/Inventory/CodexTab.lua:155
codex.tab,2,5,2.5,relative,,14,client/InventoryUI.client.lua:62
codex.v2.bingoName,24,25,1.04,relative,,14,client/panels/CodexV2/Info.lua:166
codex.v2.boardStep,6,9,1.5,relative,,14,client/panels/CodexV2/Detail.lua:328
codex.v2.bossStep,7,9,1.29,relative,,14,client/panels/CodexV2/Info.lua:153
codex.v2.claim,2,5,2.5,fixed,120,14,client/panels/CodexV2/Detail.lua:168
codex.v2.claimAll,5,9,1.8,relative,,14,client/panels/Codex.lua:357
codex.v2.claimed,2,7,3.5,relative,,14,client/panels/CodexV2/Detail.lua:413
codex.v2.frac,7,7,1.0,relative,,14,client/panels/CodexV2/Grid.lua:144
codex.v2.guide,4,5,1.25,fixed,96,14,client/panels/CodexV2/Detail.lua:143
codex.v2.lineTitle,12,12,1.0,relative,,14,client/panels/CodexV2/Grid.lua:161
codex.v2.locked,4,11,2.75,relative,,14,client/panels/CodexV2/Detail.lua:413
codex.v2.nest,9,15,1.67,relative,,14,client/panels/CodexV2/Info.lua:157
codex.v2.nestUnknown,7,13,1.86,relative,,14,client/panels/CodexV2/Info.lua:181
codex.v2.part.armor,2,5,2.5,relative,,14,client/panels/CodexV2/Detail.lua:22
codex.v2.part.gloves,2,6,3.0,relative,,14,client/panels/CodexV2/Detail.lua:22
codex.v2.part.shoes,2,5,2.5,relative,,14,client/panels/CodexV2/Detail.lua:22
codex.v2.partLine,20,20,1.0,relative,,14,client/panels/CodexV2/Detail.lua:287
codex.v2.primName,13,21,1.62,relative,,14,client/panels/CodexV2/Info.lua:140
codex.v2.progress,12,18,1.5,relative,,14,client/panels/CodexV2/Detail.lua:403
codex.v2.selectHint,34,37,1.09,fixed,120,14,client/panels/CodexV2/Detail.lua:174
codex.v2.tab.armor,2,4,2.0,relative,,14,client/panels/Codex.lua:339
codex.v2.tab.board,3,7,2.33,relative,,14,client/panels/Codex.lua:339
codex.v2.tab.boss,2,4,2.0,relative,,14,client/panels/Codex.lua:339
codex.v2.tab.class,2,5,2.5,relative,,14,client/panels/Codex.lua:339
codex.v2.tab.monster,3,7,2.33,relative,,14,client/panels/Codex.lua:339
codex.v2.tab.nest,2,7,3.5,relative,,14,client/panels/Codex.lua:339
codex.v2.tab.pet,1,3,3.0,relative,,14,client/panels/Codex.lua:339
codex.v2.tab.title,2,6,3.0,relative,,14,client/panels/Codex.lua:339
codex.v2.titleScore,17,23,1.35,relative,,14,client/panels/Codex.lua:393
codex.v2.useTitle,3,3,1.0,fixed,96,14,client/panels/CodexV2/Grid.lua:409
codex.v2.usingTitle,4,6,1.5,fixed,96,14,client/panels/CodexV2/Grid.lua:409
codex.v2.weapon,13,17,1.31,relative,,14,client/panels/CodexV2/Info.lua:155
codex.v2.where,15,17,1.13,relative,,14,client/panels/CodexV2/Detail.lua:378
combat.recommend,22,34,1.55,relative,,12,client/StageSelectPanel.lua:531
combat.stealLockHint,13,28,2.15,relative,,14,client/MobLockView.client.lua:198
comeback.welcome,23,29,1.26,relative,,14,server/SaveServer.server.lua:62
desc.awaken.alreadyMax,15,26,1.73,relative,,14,shared/Awaken.lua:39
desc.awaken.noGold,8,15,1.88,relative,,14,shared/Awaken.lua:40
desc.awaken.notFound,12,14,1.17,relative,,14,shared/Awaken.lua:37
desc.awaken.notPrimordial,23,36,1.57,relative,,14,shared/Awaken.lua:38
desc.cmp.base.armor,7,11,1.57,relative,,14,shared/EquipCompare.lua:94
desc.cmp.base.gloves,9,12,1.33,relative,,14,shared/EquipCompare.lua:96
desc.cmp.base.shoes,11,20,1.82,relative,,14,shared/EquipCompare.lua:98
desc.cmp.gemSlots,10,15,1.5,relative,,14,shared/EquipCompare.lua:145
desc.cmp.gradeSteps,5,10,2.0,relative,,14,shared/EquipCompare.lua:142
desc.cmp.label.base,5,9,1.8,relative,,14,shared/EquipCompare.lua:24
desc.cmp.label.enhance,2,7,3.5,relative,,14,shared/EquipCompare.lua:24
desc.cmp.label.gear,2,4,2.0,relative,,14,shared/EquipCompare.lua:24
desc.cmp.label.gem,2,3,1.5,relative,,14,shared/EquipCompare.lua:24
desc.cmp.label.grade,2,5,2.5,relative,,14,shared/EquipCompare.lua:24
desc.cmp.label.level,2,5,2.5,relative,,14,shared/EquipCompare.lua:24
desc.cmp.label.option,2,6,3.0,relative,,14,shared/EquipCompare.lua:24
desc.cmp.label.quality,2,7,3.5,relative,,14,shared/EquipCompare.lua:24
desc.cmp.label.weaponMult,5,8,1.6,relative,,14,shared/EquipCompare.lua:24
desc.cmp.none,2,4,2.0,relative,,14,shared/EquipCompare.lua:137
desc.item.critDmg,6,12,2.0,relative,,14,shared/ItemDescribe.lua:72
desc.item.critRate,8,9,1.12,relative,,14,shared/ItemDescribe.lua:71
desc.item.gemMeta,5,10,2.0,relative,,14,shared/ItemDescribe.lua:147
desc.item.gemNoOption,21,26,1.24,relative,,14,shared/ItemDescribe.lua:143
desc.item.gemTitle,33,34,1.03,relative,,14,shared/ItemDescribe.lua:145
desc.item.meta.armor,29,33,1.14,relative,,14,shared/ItemDescribe.lua:95
desc.item.meta.gloves,31,34,1.1,relative,,14,shared/ItemDescribe.lua:98
desc.item.meta.shoes,33,42,1.27,relative,,14,shared/ItemDescribe.lua:101
desc.item.option,15,15,1.0,relative,,14,shared/ItemDescribe.lua:75
desc.item.optionMismatch,31,41,1.32,relative,,14,shared/ItemDescribe.lua:75
desc.item.partGear,2,4,2.0,relative,,14,shared/ItemDescribe.lua:111
desc.item.title,21,21,1.0,relative,,14,shared/ItemDescribe.lua:111
desc.item.titleSuffix,34,34,1.0,relative,,14,shared/ItemDescribe.lua:111
desc.item.weaponMeta,9,13,1.44,relative,,14,shared/ItemDescribe.lua:156
desc.item.weaponTitle,21,21,1.0,relative,,14,shared/ItemDescribe.lua:154
desc.skill.act.circle,3,7,2.33,relative,,14,shared/SkillTooltipText.lua:64
desc.skill.act.dash,21,38,1.81,relative,,14,shared/SkillTooltipText.lua:64
desc.skill.act.heal,7,14,2.0,relative,,14,shared/SkillTooltipText.lua:64
desc.skill.act.line,7,14,2.0,relative,,14,shared/SkillTooltipText.lua:64
desc.skill.act.selfBuff,10,19,1.9,relative,,14,shared/SkillTooltipText.lua:64
desc.skill.act.singleChannel,11,20,1.82,relative,,14,shared/SkillTooltipText.lua:64
desc.skill.act.summon,7,16,2.29,relative,,14,shared/SkillTooltipText.lua:64
desc.skill.act.toggle,11,17,1.55,relative,,14,shared/SkillTooltipText.lua:64
desc.skill.actTime,14,14,1.0,relative,,14,shared/SkillTooltipText.lua:64
desc.skill.circle.maxHits,26,45,1.73,relative,,14,shared/SkillTooltipText.lua:64
desc.skill.circle.pierce,12,17,1.42,relative,,14,shared/SkillTooltipText.lua:64
desc.skill.circle.range,14,21,1.5,relative,,14,shared/SkillTooltipText.lua:64
desc.skill.coef,18,23,1.28,relative,,14,shared/SkillTooltipText.lua:64
desc.skill.coefMulti,33,40,1.21,relative,,14,shared/SkillTooltipText.lua:64
desc.skill.cooldownNone,16,27,1.69,relative,,14,shared/SkillTooltipText.lua:64
desc.skill.crit.applies,8,9,1.12,relative,,14,shared/SkillTooltipText.lua:64
desc.skill.crit.basic,22,28,1.27,relative,,14,shared/SkillTooltipText.lua:64
desc.skill.crit.heal,30,37,1.23,relative,,14,shared/SkillTooltipText.lua:64
desc.skill.crit.summon,36,44,1.22,relative,,14,shared/SkillTooltipText.lua:64
desc.skill.critInfo,22,34,1.55,relative,,14,shared/SkillTooltipText.lua:64
desc.skill.dash.dmg,11,21,1.91,relative,,14,shared/SkillTooltipText.lua:64
desc.skill.dash.effect,50,76,1.52,relative,,14,shared/SkillTooltipText.lua:64
desc.skill.dash.range,10,14,1.4,relative,,14,shared/SkillTooltipText.lua:64
desc.skill.desc.circle,72,103,1.43,relative,,14,shared/SkillTooltipText.lua:64
desc.skill.desc.dash,34,62,1.82,relative,,14,shared/SkillTooltipText.lua:64
desc.skill.desc.heal,60,74,1.23,relative,,14,shared/SkillTooltipText.lua:64
desc.skill.desc.line,38,54,1.42,relative,,14,shared/SkillTooltipText.lua:64
desc.skill.desc.selfBuff,75,118,1.57,relative,,14,shared/SkillTooltipText.lua:64
desc.skill.desc.singleChannel,23,34,1.48,relative,,14,shared/SkillTooltipText.lua:64
desc.skill.desc.summon,50,84,1.68,relative,,14,shared/SkillTooltipText.lua:64
desc.skill.desc.toggle,50,104,2.08,relative,,14,shared/SkillTooltipText.lua:64
desc.skill.dmg,15,22,1.47,relative,,14,shared/SkillTooltipText.lua:64
desc.skill.dmgMulti,33,51,1.55,relative,,14,shared/SkillTooltipText.lua:64
desc.skill.final.arrow,26,38,1.46,relative,,14,shared/SkillTooltipText.lua:64
desc.skill.final.basic,17,31,1.82,relative,,14,shared/SkillTooltipText.lua:64
desc.skill.final.coef,31,39,1.26,relative,,14,shared/SkillTooltipText.lua:64
desc.skill.final.heal,7,18,2.57,relative,,14,shared/SkillTooltipText.lua:64
desc.skill.heal.amount,13,15,1.15,relative,,14,shared/SkillTooltipText.lua:64
desc.skill.heal.shield,34,43,1.26,relative,,14,shared/SkillTooltipText.lua:64
desc.skill.healMode.buff,33,47,1.42,relative,,14,shared/SkillTooltipText.lua:64
desc.skill.healMode.heal,60,92,1.53,relative,,14,shared/SkillTooltipText.lua:64
desc.skill.healMode.off,20,31,1.55,relative,,14,shared/SkillTooltipText.lua:64
desc.skill.healMode.on,12,21,1.75,relative,,14,shared/SkillTooltipText.lua:64
desc.skill.label.cast,2,4,2.0,relative,,14,shared/SkillTooltipText.lua:61
desc.skill.label.coef,2,7,3.5,relative,,14,shared/SkillTooltipText.lua:61
desc.skill.label.cooldown,3,8,2.67,relative,,14,client/hud/SkillTooltip.lua:120
desc.skill.label.cost,2,4,2.0,relative,,14,shared/SkillTooltipText.lua:61
desc.skill.label.crit,2,4,2.0,relative,,14,shared/SkillTooltipText.lua:61
desc.skill.label.desc,2,4,2.0,relative,,14,shared/SkillTooltipText.lua:61
desc.skill.label.effect,2,6,3.0,relative,,14,client/hud/SkillTooltip.lua:122
desc.skill.label.expected,5,8,1.6,relative,,14,shared/SkillTooltipText.lua:61
desc.skill.label.finalDmg,6,9,1.5,relative,,14,shared/SkillTooltipText.lua:61
desc.skill.label.heal,3,7,2.33,relative,,14,shared/SkillTooltipText.lua:61
desc.skill.label.healMode,4,9,2.25,relative,,14,shared/SkillTooltipText.lua:61
desc.skill.label.maxHits,5,8,1.6,relative,,14,shared/SkillTooltipText.lua:61
desc.skill.label.partyBuff,5,10,2.0,relative,,14,shared/SkillTooltipText.lua:61
desc.skill.label.pierce,2,6,3.0,relative,,14,shared/SkillTooltipText.lua:61
desc.skill.label.range,8,10,1.25,relative,,14,shared/SkillTooltipText.lua:61
desc.skill.label.rule,2,5,2.5,relative,,14,shared/SkillTooltipText.lua:61
desc.skill.label.shield,3,6,2.0,relative,,14,shared/SkillTooltipText.lua:61
desc.skill.line.maxHits,31,47,1.52,relative,,14,shared/SkillTooltipText.lua:64
desc.skill.line.pierce,13,21,1.62,relative,,14,shared/SkillTooltipText.lua:64
desc.skill.line.range,18,35,1.94,relative,,14,shared/SkillTooltipText.lua:64
desc.skill.loading,7,8,1.14,relative,,14,shared/SkillTooltipText.lua:64
desc.skill.option,13,20,1.54,relative,,14,shared/SkillTooltipText.lua:64
desc.skill.partyBuff,37,56,1.51,relative,,14,shared/SkillTooltipText.lua:64
desc.skill.rule.circle,29,55,1.9,relative,,14,shared/SkillTooltipText.lua:64
desc.skill.rule.dash,57,85,1.49,relative,,14,shared/SkillTooltipText.lua:64
desc.skill.rule.line,41,39,0.95,relative,,14,shared/SkillTooltipText.lua:64
desc.skill.rule.selfBuff,131,177,1.35,relative,,14,shared/SkillTooltipText.lua:64
desc.skill.rule.single,78,142,1.82,relative,,14,shared/SkillTooltipText.lua:64
desc.skill.rule.summon,16,25,1.56,relative,,14,shared/SkillTooltipText.lua:64
desc.skill.rule.toggle,35,57,1.63,relative,,14,shared/SkillTooltipText.lua:64
desc.skill.seconds,4,4,1.0,relative,,14,shared/SkillTooltipText.lua:33
desc.skill.selfBuff.dmg,22,35,1.59,relative,,14,shared/SkillTooltipText.lua:64
desc.skill.selfBuff.effect,42,50,1.19,relative,,14,shared/SkillTooltipText.lua:64
desc.skill.single.maxHits,12,19,1.58,relative,,14,shared/SkillTooltipText.lua:64
desc.skill.single.pierce,15,20,1.33,relative,,14,shared/SkillTooltipText.lua:64
desc.skill.single.range,24,35,1.46,relative,,14,shared/SkillTooltipText.lua:64
desc.skill.summon.effect,24,31,1.29,relative,,14,shared/SkillTooltipText.lua:64
desc.skill.toggle.cost,23,34,1.48,relative,,14,shared/SkillTooltipText.lua:64
desc.skill.toggle.effect,29,47,1.62,relative,,14,shared/SkillTooltipText.lua:64
desc.stamp.dev,2,4,2.0,relative,,14,shared/PrimordialStamp.lua:35
desc.stamp.legacy,5,14,2.8,relative,,14,shared/PrimordialStamp.lua:49
desc.stamp.noNumber,9,22,2.44,relative,,14,shared/PrimordialStamp.lua:57
desc.stamp.number,11,21,1.91,relative,,14,shared/PrimordialStamp.lua:52
desc.stamp.pending,14,28,2.0,relative,,14,shared/PrimordialStamp.lua:55
desc.stamp.raid,14,16,1.14,relative,,14,shared/PrimordialStamp.lua:27
desc.stamp.sparkle,15,20,1.33,relative,,14,shared/PrimordialStamp.lua:32
desc.stamp.withStage,21,22,1.05,relative,,14,shared/PrimordialStamp.lua:40
desc.world.deck,6,11,1.83,relative,,14,shared/WorldMapLayout.lua:565
desc.world.raidGate,10,15,1.5,relative,,14,shared/WorldMapLayout.lua:1192
desc.world.stationSign,18,19,1.06,relative,,14,shared/WorldMapLayout.lua:925
egg.candidates,17,26,1.53,relative,,14,client/panels/EggInfo.lua:100
egg.chip,1,3,3.0,none,,,-
egg.dex,13,23,1.77,relative,,14,client/panels/EggInfo.lua:227
egg.empty,44,63,1.43,relative,,14,client/panels/EggInfo.lua:219
egg.hatchCol,12,14,1.17,relative,,14,client/panels/EggInfo.lua:189
egg.hatchHeader,23,39,1.7,relative,,14,client/panels/EggInfo.lua:172
egg.row,16,16,1.0,relative,,14,client/panels/EggInfo.lua:96
egg.title,14,17,1.21,relative,,14,client/panels/EggInfo.lua:209
enhance.help.detail,83,114,1.37,relative,,14,client/panels/Enhance/init.lua:54
enhance.help.short,39,71,1.82,relative,,14,client/panels/Enhance/init.lua:53
enhance.odds.down1,12,13,1.08,relative,,14,client/panels/Enhance/OddsView.lua:18
enhance.odds.down2,12,13,1.08,relative,,14,client/panels/Enhance/OddsView.lua:19
enhance.odds.headLevel,2,5,2.5,relative,,14,client/panels/Enhance/OddsView.lua:80
enhance.odds.headProb,2,6,3.0,relative,,14,client/panels/Enhance/OddsView.lua:80
enhance.odds.headResult,2,6,3.0,relative,,14,client/panels/Enhance/OddsView.lua:80
enhance.odds.maintain,9,11,1.22,relative,,14,client/panels/Enhance/OddsView.lua:17
enhance.odds.reset,10,12,1.2,relative,,14,client/panels/Enhance/OddsView.lua:20
enhance.odds.success,4,7,1.75,relative,,14,client/panels/Enhance/OddsView.lua:16
forge.buy,2,3,1.5,relative,,14,client/panels/Enhance/Controller.lua:218
forge.cancel,2,6,3.0,fixed,112,14,client/panels/Inherit.lua:225
forge.close,2,5,2.5,fixed,112,14,client/panels/GemForge.lua:189
forge.enhance.bought,26,28,1.08,relative,,14,client/panels/Enhance/init.lua:92
forge.enhance.button,2,7,3.5,relative,,14,client/panels/Enhance/Controller.lua:183
forge.enhance.buttonMax,2,3,1.5,relative,,14,client/panels/Enhance/init.lua:121
forge.enhance.buy.body,62,74,1.19,relative,,14,client/panels/Enhance/Controller.lua:215
forge.enhance.buy.short,20,31,1.55,relative,,14,client/panels/Enhance/Controller.lua:222
forge.enhance.buy.title,13,14,1.08,relative,,14,client/panels/Enhance/Controller.lua:214
forge.enhance.cost.gold,2,4,2.0,relative,,14,client/panels/Enhance/CostView.lua:37
forge.enhance.cost.have,12,14,1.17,relative,,14,client/panels/Enhance/CostView.lua:49
forge.enhance.cost.material,2,8,4.0,relative,,14,client/panels/Enhance/CostView.lua:38
forge.enhance.err.invalidKind,13,25,1.92,relative,,14,client/panels/Enhance/init.lua:40
forge.enhance.err.notNear,18,22,1.22,relative,,14,client/panels/Enhance/init.lua:39
forge.enhance.gauge,2,5,2.5,relative,,14,client/panels/Enhance/OddsView.lua:131
forge.enhance.gauge.full,11,24,2.18,relative,,14,client/panels/Enhance/OddsView.lua:151
forge.enhance.gauge.value,15,18,1.2,relative,,14,client/panels/Enhance/OddsView.lua:153
forge.enhance.odds.sum,2,5,2.5,relative,,14,client/panels/Enhance/OddsView.lua:97
forge.enhance.result.blocked,26,32,1.23,relative,,14,client/panels/Enhance/init.lua:68
forge.enhance.result.down,19,24,1.26,relative,,14,client/panels/Enhance/init.lua:74
forge.enhance.result.downGauge,29,37,1.28,relative,,14,client/panels/Enhance/init.lua:74
forge.enhance.result.maintain,14,20,1.43,relative,,14,client/panels/Enhance/init.lua:72
forge.enhance.result.maintainGauge,24,33,1.38,relative,,14,client/panels/Enhance/init.lua:72
forge.enhance.result.max,14,28,2.0,relative,,14,client/panels/Enhance/init.lua:78
forge.enhance.result.noMaterial,37,42,1.14,relative,,14,client/panels/Enhance/init.lua:84
forge.enhance.result.reset,26,32,1.23,relative,,14,client/panels/Enhance/init.lua:76
forge.enhance.result.success,8,13,1.62,relative,,14,client/panels/Enhance/init.lua:70
forge.enhance.short.material,17,21,1.24,relative,,14,client/panels/Enhance/Controller.lua:134
forge.enhance.tab.enhance,2,7,3.5,relative,,14,client/panels/Enhance/init.lua:263
forge.enhance.tab.rebirth,2,7,3.5,relative,,14,client/panels/Enhance/init.lua:113
forge.enhance.ticket.fromLevel,15,16,1.07,relative,,14,client/panels/Enhance/Controller.lua:71
forge.enhance.ticket.gaugeFull,16,26,1.62,relative,,14,client/panels/Enhance/Controller.lua:73
forge.enhance.ticket.none,13,21,1.62,relative,,14,client/panels/Enhance/Controller.lua:69
forge.enhance.title.max,25,23,0.92,relative,,14,client/panels/Enhance/init.lua:99
forge.enhance.title.next,37,35,0.95,relative,,14,client/panels/Enhance/init.lua:100
forge.enhance.worst,40,40,1.0,relative,,14,client/panels/Enhance/OddsView.lua:168
forge.enhance.zone.drop,34,39,1.15,relative,,14,client/panels/Enhance/Controller.lua:157
forge.enhance.zone.reset,34,30,0.88,relative,,14,client/panels/Enhance/Controller.lua:160
forge.enhance.zone.title,8,22,2.75,relative,,14,client/panels/Enhance/Controller.lua:181
forge.err.invalid,9,15,1.67,relative,,14,client/panels/GemForge.lua:38
forge.err.maxed,11,17,1.55,relative,,14,client/panels/Enhance/Controller.lua:67
forge.err.noClass,11,20,1.82,relative,,14,client/panels/GemForge.lua:39
forge.err.noDust,28,34,1.21,relative,,14,client/panels/GemForge.lua:44
forge.err.noGold,9,15,1.67,relative,,14,client/panels/GemForge.lua:43
forge.err.rejected,19,21,1.11,relative,,14,client/panels/GemForge.lua:49
forge.gem.bulk,5,11,2.2,fixed,112,14,client/panels/GemForge.lua:134
forge.gem.bulkCost,28,36,1.29,relative,,14,client/panels/GemForge.lua:331
forge.gem.bulkIntro,47,66,1.4,relative,,14,client/panels/GemForge.lua:283
forge.gem.bulkRowSub,16,19,1.19,relative,,14,client/panels/GemForge.lua:286
forge.gem.confirm.bulkBody,77,93,1.21,relative,,14,client/panels/GemForge.lua:425
forge.gem.confirm.bulkTitle,18,29,1.61,relative,,14,client/panels/GemForge.lua:424
forge.gem.confirm.dismantle,2,7,3.5,relative,,14,client/panels/GemForge.lua:427
forge.gem.confirm.refineBody,83,96,1.16,relative,,14,client/panels/GemForge.lua:406
forge.gem.confirm.refineTitle,15,24,1.6,relative,,14,client/panels/GemForge.lua:405
forge.gem.currentOption,17,15,0.88,relative,,14,client/panels/GemForge.lua:256
forge.gem.done.bulk,26,30,1.15,relative,,14,client/panels/GemForge.lua:456
forge.gem.done.dismantle,21,29,1.38,relative,,14,client/panels/GemForge.lua:460
forge.gem.done.refine,20,31,1.55,relative,,14,client/panels/GemForge.lua:454
forge.gem.done.sell,21,25,1.19,relative,,14,client/panels/GemForge.lua:458
forge.gem.dustOwned,9,12,1.33,relative,,14,client/panels/GemForge.lua:309
forge.gem.err.noGain,23,35,1.52,relative,,14,client/panels/GemForge.lua:42
forge.gem.err.none,12,18,1.5,relative,,14,client/panels/GemForge.lua:45
forge.gem.err.notFound,13,13,1.0,relative,,14,client/panels/GemForge.lua:40
forge.gem.err.sameGem,16,25,1.56,relative,,14,client/panels/GemForge.lua:41
forge.gem.gradeOrBelow,13,19,1.46,relative,,14,client/panels/GemForge.lua:286
forge.gem.noCandidate,24,32,1.33,relative,,14,client/panels/GemForge.lua:269
forge.gem.noTarget,45,34,0.76,relative,,14,client/panels/GemForge.lua:249
forge.gem.pick,3,4,1.33,relative,,14,client/panels/GemForge.lua:287
forge.gem.preview,47,48,1.02,relative,,14,client/panels/GemForge.lua:263
forge.gem.refine,2,6,3.0,fixed,112,14,client/panels/GemForge.lua:127
forge.gem.refineCost,18,24,1.33,relative,,14,client/panels/GemForge.lua:318
forge.gem.selected,3,8,2.67,relative,,14,client/panels/GemForge.lua:274
forge.gem.targetLine,36,40,1.11,relative,,14,client/panels/GemForge.lua:253
forge.gem.title,5,12,2.4,relative,,14,client/panels/GemForge.lua:111
forge.gem.whereBag,5,7,1.4,relative,,14,client/panels/GemForge.lua:252
forge.gem.whereSlot,12,21,1.75,relative,,14,client/panels/GemForge.lua:252
forge.inherit.button,2,7,3.5,fixed,112,14,client/panels/Inherit.lua:213
forge.inherit.cannot,10,13,1.3,relative,,14,client/panels/Inherit.lua:367
forge.inherit.chooseSet,8,18,2.25,relative,,14,client/panels/Inherit.lua:141
forge.inherit.col.after,4,5,1.25,relative,,14,client/panels/Inherit.lua:335
forge.inherit.col.delta,2,6,3.0,relative,,14,client/panels/Inherit.lua:335
forge.inherit.col.now,2,3,1.5,relative,,14,client/panels/Inherit.lua:335
forge.inherit.confirm.body,69,102,1.48,relative,,14,client/panels/Inherit.lua:433
forge.inherit.confirm.title,15,25,1.67,relative,,14,client/panels/Inherit.lua:432
forge.inherit.cost,17,24,1.41,relative,,14,client/panels/Inherit.lua:364
forge.inherit.costLoading,8,17,2.12,relative,,14,client/panels/Inherit.lua:370
forge.inherit.done.gem,27,32,1.19,relative,,14,client/panels/Inherit.lua:463
forge.inherit.done.gold,26,31,1.19,relative,,14,client/panels/Inherit.lua:463
forge.inherit.err.aLocked,40,35,0.88,relative,,14,client/panels/Inherit.lua:43
forge.inherit.err.aTranscendent,41,37,0.9,relative,,14,client/panels/Inherit.lua:44
forge.inherit.err.bGradeLower,32,36,1.12,relative,,14,client/panels/Inherit.lua:45
forge.inherit.err.locked,31,36,1.16,relative,,14,client/panels/Inherit.lua:42
forge.inherit.err.notEquipped,21,29,1.38,relative,,14,client/panels/Inherit.lua:39
forge.inherit.err.notFound,18,21,1.17,relative,,14,client/panels/Inherit.lua:40
forge.inherit.err.partMismatch,19,27,1.42,relative,,14,client/panels/Inherit.lua:41
forge.inherit.err.unknown,22,26,1.18,relative,,14,client/panels/Inherit.lua:50
forge.inherit.heading,22,30,1.36,relative,,14,client/panels/Inherit.lua:311
forge.inherit.keepA,11,16,1.45,relative,,14,client/panels/Inherit.lua:328
forge.inherit.keepB,11,16,1.45,relative,,14,client/panels/Inherit.lua:329
forge.inherit.lineA,29,36,1.24,relative,,14,client/panels/Inherit.lua:319
forge.inherit.lineB,31,31,1.0,relative,,14,client/panels/Inherit.lua:321
forge.inherit.loading,7,8,1.14,relative,,14,client/panels/Inherit.lua:381
forge.inherit.noChange,5,9,1.8,relative,,14,client/panels/Inherit.lua:349
forge.inherit.none,2,4,2.0,relative,,14,client/panels/Inherit.lua:96
forge.inherit.partFallback,2,4,2.0,relative,,14,client/panels/Inherit.lua:311
forge.inherit.refundGem,33,40,1.21,relative,,14,client/panels/Inherit.lua:96
forge.inherit.refundGold,10,18,1.8,relative,,14,client/panels/Inherit.lua:93
forge.inherit.refundLine,16,20,1.25,relative,,14,client/panels/Inherit.lua:360
forge.inherit.setLine,20,25,1.25,relative,,14,client/panels/Inherit.lua:85
forge.inherit.stat.attack,3,6,2.0,relative,,14,client/panels/Inherit.lua:54
forge.inherit.stat.critDmg,17,8,0.47,relative,,14,client/panels/Inherit.lua:59
forge.inherit.stat.critRate,19,9,0.47,relative,,14,client/panels/Inherit.lua:58
forge.inherit.stat.defense,3,7,2.33,relative,,14,client/panels/Inherit.lua:55
forge.inherit.stat.header,3,4,1.33,relative,,14,client/panels/Inherit.lua:183
forge.inherit.stat.maxHp,5,6,1.2,relative,,14,client/panels/Inherit.lua:56
forge.inherit.stat.speed,10,19,1.9,relative,,14,client/panels/Inherit.lua:57
forge.inherit.statHeader,42,44,1.05,relative,,14,client/panels/Inherit.lua:333
forge.inherit.title,5,12,2.4,relative,,14,client/panels/Inherit.lua:103
forge.noOption,5,9,1.8,relative,,14,client/panels/GemForge.lua:85
forge.rebirth.err.bossFight,18,33,1.83,relative,,14,client/panels/Enhance/RebirthView.lua:29
forge.rebirth.err.enhancing,21,30,1.43,relative,,14,client/panels/Enhance/RebirthView.lua:31
forge.rebirth.err.max,14,22,1.57,relative,,14,client/panels/Enhance/RebirthView.lua:27
forge.rebirth.err.unknown,17,26,1.53,relative,,14,client/panels/Enhance/RebirthView.lua:33
forge.rebirth.milestones,5,14,2.8,fixed,140,16,client/panels/Enhance/RebirthView.lua:59
forge.rebirth.success,12,18,1.5,relative,,14,client/panels/Enhance/RebirthView.lua:23
forge.workshop.buyPending,14,16,1.14,relative,,14,client/panels/GemWorkshop/init.lua:151
forge.workshop.done.buy,9,22,2.44,relative,,14,client/panels/GemWorkshop/init.lua:414
forge.workshop.done.reroll,19,34,1.79,relative,,14,client/panels/GemWorkshop/init.lua:414
forge.workshop.empty,33,39,1.18,relative,,14,client/panels/GemWorkshop/init.lua:244
forge.workshop.err.emptySlot,15,28,1.87,relative,,14,client/panels/GemWorkshop/init.lua:70
forge.workshop.err.noCharacter,14,19,1.36,relative,,14,client/panels/GemWorkshop/init.lua:64
forge.workshop.err.noTicket,21,32,1.52,relative,,14,client/panels/GemWorkshop/init.lua:66
forge.workshop.err.notEquipped,14,24,1.71,relative,,14,client/panels/GemWorkshop/init.lua:73
forge.workshop.err.notFound,13,16,1.23,relative,,14,client/panels/GemWorkshop/init.lua:72
forge.workshop.err.notRerollable,22,36,1.64,relative,,14,client/panels/GemWorkshop/init.lua:71
forge.workshop.err.outOfRange,25,29,1.16,relative,,14,client/panels/GemWorkshop/init.lua:63
forge.workshop.hint,10,29,2.9,relative,,14,client/panels/GemWorkshop/Hint.lua:16
forge.workshop.hintLocate,7,10,1.43,relative,,14,client/panels/GemWorkshop/Hint.lua:16
forge.workshop.rerollButton,8,12,1.5,relative,,14,client/panels/GemWorkshop/init.lua:259
forge.workshop.rerollPending,10,12,1.2,relative,,14,client/panels/GemWorkshop/init.lua:141
forge.workshop.rerollSection,42,49,1.17,relative,,14,client/panels/GemWorkshop/init.lua:241
forge.workshop.subNoTicket,19,22,1.16,relative,,14,client/panels/GemWorkshop/init.lua:257
forge.workshop.targetBag,15,16,1.07,relative,,14,client/panels/GemWorkshop/init.lua:116
forge.workshop.targetEquipped,15,21,1.4,relative,,14,client/panels/GemWorkshop/init.lua:110
forge.workshop.targetSlot,19,23,1.21,relative,,14,client/panels/GemWorkshop/init.lua:103
forge.workshop.ticketPrice,17,25,1.47,relative,,14,client/panels/GemWorkshop/init.lua:231
forge.workshop.ticketSection,54,70,1.3,relative,,14,client/panels/GemWorkshop/init.lua:222
forge.workshop.ticketTitle,24,28,1.17,relative,,14,client/panels/GemWorkshop/init.lua:230
forge.workshop.title,5,12,2.4,relative,,14,client/panels/GemWorkshop/init.lua:301
gear.awaken.button,2,6,3.0,relative,,14,client/panels/Inventory/PrimordialActions.lua:20
gear.awaken.cost,6,10,1.67,relative,,14,client/panels/Inventory/PrimordialActions.lua:53
gear.awaken.done,18,25,1.39,relative,,14,client/panels/Inventory/PrimordialActions.lua:28
gear.awaken.free,6,13,2.17,relative,,14,client/panels/Inventory/PrimordialActions.lua:53
gear.bag.bulkEstimate,12,13,1.08,relative,,14,client/panels/Inventory/BagTab.lua:345
gear.bag.bulkSell,5,8,1.6,relative,,14,client/panels/Inventory/Shell.lua:338
gear.bag.cutoff,20,24,1.2,relative,,14,client/panels/Inventory/BagTab.lua:346
gear.bag.fullToast,36,37,1.03,fixed,360,16,client/InventoryUI.client.lua:221
gear.bag.gold,9,8,0.89,relative,,14,client/InventoryUI.client.lua:193
gear.bag.sortGrade,6,11,1.83,relative,,14,client/panels/Inventory/Store.lua:47
gear.bag.sortLevel,6,11,1.83,relative,,14,client/panels/Inventory/Store.lua:47
gear.bag.sortPart,6,10,1.67,relative,,14,client/panels/Inventory/Store.lua:47
gear.bag.title,2,3,1.5,fixed,90,14,client/panels/Inventory/Shell.lua:40
gear.bulk.cancel,2,6,3.0,fixed,88,14,client/panels/Inventory/BulkSell.lua:112
gear.bulk.confirm,46,58,1.26,relative,,14,client/panels/Inventory/BulkSell.lua:172
gear.bulk.dismantle,6,11,1.83,fixed,108,14,client/panels/Inventory/BulkSell.lua:174
gear.bulk.gradeOrLower,13,18,1.38,relative,,14,client/panels/Inventory/BulkSell.lua:268
gear.bulk.highest,25,25,1.0,relative,,14,client/panels/Inventory/BulkSell.lua:181
gear.bulk.yes,4,4,1.0,fixed,96,14,client/panels/Inventory/BulkSell.lua:96
gear.confirm.cancel,2,2,1.0,relative,,14,client/panels/Inventory/ItemConfirm.lua:76
gear.confirm.dismantle,45,54,1.2,relative,,14,client/panels/Inventory/ItemConfirm.lua:113
gear.confirm.dismantleGem,59,58,0.98,relative,,14,client/panels/Inventory/ItemConfirm.lua:118
gear.confirm.ok,2,3,1.5,relative,,14,client/panels/Inventory/ItemConfirm.lua:75
gear.confirm.primordial,2,10,5.0,relative,,14,client/panels/Inventory/PrimordialActions.lua:66
gear.confirm.sell,45,51,1.13,relative,,14,client/panels/Inventory/ItemConfirm.lua:113
gear.confirm.sellGem,59,51,0.86,relative,,14,client/panels/Inventory/ItemConfirm.lua:115
gear.confirm.unlock1,49,69,1.41,relative,,14,client/panels/Inventory/PrimordialActions.lua:67
gear.confirm.unlock2,37,51,1.38,relative,,14,client/panels/Inventory/PrimordialActions.lua:68
gear.detail.gemBagLine,37,49,1.32,relative,,14,client/panels/Inventory/DetailSheet.lua:292
gear.detail.noSell,8,13,1.62,relative,,14,client/panels/Inventory/DetailSheet.lua:206
gear.detail.quality,10,15,1.5,relative,,14,client/panels/Inventory/DetailSheet.lua:35
gear.detail.qualityCrit,17,22,1.29,relative,,14,client/panels/Inventory/DetailSheet.lua:33
gear.detail.sellPrice,10,16,1.6,relative,,14,client/panels/Inventory/DetailSheet.lua:206
gear.detail.slotLine,23,28,1.22,relative,,14,client/panels/Inventory/DetailSheet.lua:282
gear.detail.slotTitle,19,23,1.21,relative,,14,client/panels/Inventory/DetailSheet.lua:281
gear.detail.weaponMeta,21,33,1.57,relative,,14,client/panels/Inventory/DetailSheet.lua:276
gear.err.full,29,36,1.24,relative,,14,client/panels/Inventory/ItemActions.lua:30
gear.err.generic,13,17,1.31,relative,,14,client/panels/Inventory/ItemActions.lua:38
gear.err.noClass,11,20,1.82,relative,,14,client/panels/Inventory/GemActions.lua:45
gear.err.notEquipped,14,25,1.79,relative,,14,client/panels/Inventory/ItemActions.lua:36
gear.err.notFound,13,14,1.08,relative,,14,client/panels/Inventory/ItemActions.lua:34
gear.gem.err.generic,14,20,1.43,relative,,14,client/panels/Inventory/GemActions.lua:47
gear.gem.err.gradeTooHigh,43,41,0.95,relative,,14,client/panels/Inventory/GemActions.lua:39
gear.gem.err.noSlotOpen,25,36,1.44,relative,,14,client/panels/Inventory/GemActions.lua:41
gear.gem.err.notFound,13,13,1.0,relative,,14,client/panels/Inventory/GemActions.lua:43
gear.gem.err.slotCap,30,41,1.37,relative,,14,client/panels/Inventory/GemActions.lua:37
gear.gem.err.slotLocked,23,35,1.52,relative,,14,client/panels/Inventory/GemActions.lua:34
gear.gem.gainLabel,6,11,1.83,relative,,14,client/panels/Inventory/GemTab.lua:548
gear.gem.gainOpen,9,11,1.22,relative,,14,client/panels/Inventory/GemTab.lua:549
gear.gem.gainToast,15,22,1.47,relative,,14,client/panels/Inventory/GemTab.lua:546
gear.gem.hint.armedPc,45,55,1.22,relative,,14,client/panels/Inventory/GemTab.lua:237
gear.gem.hint.armedPhone,34,45,1.32,relative,,14,client/panels/Inventory/GemTab.lua:237
gear.gem.hint.bagPc,41,62,1.51,relative,,14,client/panels/Inventory/GemTab.lua:239
gear.gem.hint.bagPhone,33,47,1.42,relative,,14,client/panels/Inventory/GemTab.lua:239
gear.gem.hint.idlePc,46,66,1.43,relative,,14,client/panels/Inventory/GemTab.lua:243
gear.gem.hint.idlePhone,31,46,1.48,relative,,14,client/panels/Inventory/GemTab.lua:243
gear.gem.hint.slot,22,34,1.55,relative,,14,client/panels/Inventory/GemTab.lua:241
gear.gem.invLabel,5,7,1.4,relative,,14,client/panels/Inventory/GemTab.lua:121
gear.gem.invLabelPc,24,43,1.79,relative,,14,client/panels/Inventory/GemTab.lua:679
gear.gem.merchantGuide,38,49,1.29,relative,,14,client/panels/Inventory/GemHeader.lua:82
gear.gem.merchantShort,16,26,1.62,relative,,14,client/panels/Inventory/GemHeader.lua:81
gear.gem.replaceHint,27,33,1.22,relative,,14,client/panels/Inventory/GemActions.lua:148
gear.gem.reroll,2,6,3.0,fixed,64,12,client/panels/Inventory/GemSlotRows.lua:69
gear.gem.slot.empty,28,35,1.25,relative,,14,client/panels/Inventory/GemTab.lua:510
gear.gem.slot.filled,38,43,1.13,relative,,14,client/panels/Inventory/GemTab.lua:521
gear.gem.slot.locked,36,50,1.39,relative,,14,client/panels/Inventory/GemTab.lua:501
gear.gem.slotLabel,25,36,1.44,relative,,14,client/panels/Inventory/GemTab.lua:113
gear.gem.value,7,7,1.0,relative,,14,client/panels/Inventory/GemTab.lua:518
gear.gem.valueCrit,18,29,1.61,relative,,14,client/panels/Inventory/GemTab.lua:516
gear.gem.weaponLabel,11,21,1.91,relative,,14,client/panels/Inventory/GemTab.lua:97
gear.stats.cap,8,10,1.25,relative,,14,client/panels/Inventory/GearTab.lua:277
gear.stats.capHelp,35,35,1.0,relative,,14,client/panels/Inventory/GearTab.lua:206
gear.stats.header,6,12,2.0,relative,,12,client/panels/Inventory/GearTab.lua:203
gear.stats.maxHpPercent,2,8,4.0,relative,,14,client/panels/Inventory/GearTab.lua:260
gear.stats.row,18,18,1.0,relative,,12,client/panels/Inventory/GearTab.lua:279
gemForge.fodderHeader,50,91,1.82,relative,,14,client/panels/GemForge.lua:267
gemForge.fodderPick,3,3,1.0,relative,,14,client/panels/GemForge.lua:274
gemForge.help.detail,98,200,2.04,relative,,14,client/panels/GemForge.lua:115
gemForge.help.short,41,69,1.68,relative,,14,client/panels/GemForge.lua:114
gemForge.pickFodder,11,19,1.73,relative,,14,client/panels/GemForge.lua:323
gemHeader.help.detail,34,69,2.03,relative,,14,client/panels/Inventory/GemHeader.lua:62
gemHeader.help.short,37,59,1.59,relative,,14,client/panels/Inventory/GemHeader.lua:61
gemWorkshop.help.detail,58,100,1.72,relative,,14,client/panels/GemWorkshop/init.lua:307
gemWorkshop.help.short,35,66,1.89,relative,,14,client/panels/GemWorkshop/init.lua:306
generation.enter,29,36,1.24,relative,,14,client/GenerationView.client.lua:79
gift.claimAll,5,9,1.8,fixed,110,14,client/panels/Shop/CosmeticTab.lua:82
gift.claimFailed,12,23,1.92,relative,,14,client/panels/Shop/init.lua:113
gift.claimed,9,12,1.33,relative,,14,client/panels/Shop/init.lua:113
gift.from,9,9,1.0,relative,,14,client/panels/Shop/GiftPopup.lua:50
gift.fromNote,22,22,1.0,relative,,14,client/panels/Shop/GiftPopup.lua:50
gift.kind.cosmeticTheme,5,9,1.8,relative,,14,client/panels/Shop/GiftPopup.lua:41
gift.kind.gliderSkin,7,11,1.57,relative,,14,client/panels/Shop/GiftPopup.lua:41
gift.kind.sparkleShard,5,13,2.6,relative,,14,client/panels/Shop/GiftPopup.lua:41
gift.later,3,5,1.67,fixed,120,14,client/panels/Shop/GiftPopup.lua:87
gift.pending,10,18,1.8,fixed,110,14,client/panels/Shop/CosmeticTab.lua:80
gift.row,23,23,1.0,relative,,14,client/panels/Shop/GiftPopup.lua:48
gift.shardAmount,4,3,0.75,relative,,14,client/panels/Shop/GiftPopup.lua:44
gift.title,3,8,2.67,relative,,14,client/panels/Shop/GiftPopup.lua:63
gift.titleCount,10,14,1.4,relative,,14,client/panels/Shop/GiftPopup.lua:140
gimmick.abyssal_lord.do,9,14,1.56,relative,,14,shared/data/HelpCodexData.lua:115
gimmick.abyssal_lord.fail,8,15,1.88,relative,,14,shared/data/HelpCodexData.lua:116
gimmick.abyssal_lord.line,21,40,1.9,relative,,14,shared/data/HelpCodexData.lua:111
gimmick.abyssal_lord.see,9,13,1.44,relative,,14,shared/data/HelpCodexData.lua:114
gimmick.abyssal_lord.title,5,11,2.2,relative,,14,shared/data/HelpCodexData.lua:111
gimmick.cardTitle,23,23,1.0,relative,,14,client/BossIntroCard.client.lua:73
gimmick.crystal_queen.do,9,16,1.78,relative,,14,shared/data/HelpCodexData.lua:124
gimmick.crystal_queen.fail,7,13,1.86,relative,,14,shared/data/HelpCodexData.lua:125
gimmick.crystal_queen.line,18,37,2.06,relative,,14,shared/data/HelpCodexData.lua:120
gimmick.crystal_queen.see,6,10,1.67,relative,,14,shared/data/HelpCodexData.lua:123
gimmick.crystal_queen.title,6,17,2.83,relative,,14,shared/data/HelpCodexData.lua:120
gimmick.frost_giant.do,8,16,2.0,relative,,14,shared/data/HelpCodexData.lua:106
gimmick.frost_giant.fail,7,10,1.43,relative,,14,shared/data/HelpCodexData.lua:107
gimmick.frost_giant.line,20,39,1.95,relative,,14,shared/data/HelpCodexData.lua:102
gimmick.frost_giant.see,5,12,2.4,relative,,14,shared/data/HelpCodexData.lua:105
gimmick.frost_giant.title,6,13,2.17,relative,,14,shared/data/HelpCodexData.lua:102
gimmick.ok,2,2,1.0,fixed,96,14,client/BossIntroCard.client.lua:89
gimmick.scorpion_queen.do,8,14,1.75,relative,,14,shared/data/HelpCodexData.lua:133
gimmick.scorpion_queen.fail,8,15,1.88,relative,,14,shared/data/HelpCodexData.lua:134
gimmick.scorpion_queen.line,20,40,2.0,relative,,14,shared/data/HelpCodexData.lua:129
gimmick.scorpion_queen.see,6,12,2.0,relative,,14,shared/data/HelpCodexData.lua:132
gimmick.scorpion_queen.title,8,17,2.12,relative,,14,shared/data/HelpCodexData.lua:129
gimmick.section_guardian.do,7,15,2.14,relative,,14,shared/data/HelpCodexData.lua:97
gimmick.section_guardian.fail,8,15,1.88,relative,,14,shared/data/HelpCodexData.lua:98
gimmick.section_guardian.line,24,39,1.62,relative,,14,shared/data/HelpCodexData.lua:93
gimmick.section_guardian.see,7,14,2.0,relative,,14,shared/data/HelpCodexData.lua:96
gimmick.section_guardian.title,5,15,3.0,relative,,14,shared/data/HelpCodexData.lua:93
gimmick.storm_lord.do,7,16,2.29,relative,,14,shared/data/HelpCodexData.lua:142
gimmick.storm_lord.fail,7,15,2.14,relative,,14,shared/data/HelpCodexData.lua:143
gimmick.storm_lord.line,19,35,1.84,relative,,14,shared/data/HelpCodexData.lua:138
gimmick.storm_lord.see,6,16,2.67,relative,,14,shared/data/HelpCodexData.lua:141
gimmick.storm_lord.title,6,16,2.67,relative,,14,shared/data/HelpCodexData.lua:138
giveup.body,32,40,1.25,relative,,14,client/StageUI.client.lua:189
giveup.bodyParty,51,82,1.61,relative,,14,client/StageUI.client.lua:189
giveup.cancel,6,13,2.17,relative,,14,client/StageUI.client.lua:191
giveup.ok,2,7,3.5,relative,,14,client/StageUI.client.lua:190
giveup.reason,38,67,1.76,none,,,-
giveup.title,18,35,1.94,relative,,14,client/StageUI.client.lua:188
guide.boss,19,31,1.63,relative,,14,shared/data/QuestData.lua:36
guide.done,35,35,1.0,relative,,14,client/hud/GuideToast.client.lua:26
guide.enhance,15,24,1.6,relative,,14,shared/data/QuestData.lua:33
guide.equip,20,36,1.8,relative,,14,shared/data/QuestData.lua:31
guide.fight,33,43,1.3,relative,,14,shared/data/QuestData.lua:29
guide.gem,15,24,1.6,relative,,14,shared/data/QuestData.lua:34
guide.jumpHere,9,14,1.56,relative,,16,client/Wayfinder.lua:256
guide.now,26,25,0.96,relative,,14,client/hud/GuideToast.client.lua:21
guide.pickup,20,36,1.8,relative,,14,shared/data/QuestData.lua:30
guide.skill,24,30,1.25,relative,,14,shared/data/QuestData.lua:32
guide.skillCard,45,70,1.56,relative,,14,shared/data/QuestData.lua:32
guide.ult,24,35,1.46,relative,,14,shared/data/QuestData.lua:35
help.cat.bossGimmick,5,14,2.8,relative,,14,shared/data/HelpCodexData.lua:20
help.cat.combat,5,13,2.6,relative,,14,shared/data/HelpCodexData.lua:21
help.cat.controls,5,8,1.6,relative,,14,shared/data/HelpCodexData.lua:18
help.cat.egg,1,3,3.0,relative,,14,shared/data/HelpCodexData.lua:23
help.cat.enhance,2,7,3.5,relative,,14,shared/data/HelpCodexData.lua:19
help.cat.pet,1,3,3.0,relative,,14,shared/data/HelpCodexData.lua:22
help.chip.shift,5,5,1.0,relative,,14,shared/data/HelpCodexData.lua:32
help.chip.space,5,5,1.0,relative,,14,shared/data/HelpCodexData.lua:31
help.chip.wasd,4,4,1.0,relative,,14,shared/data/HelpCodexData.lua:30
help.egg.get,23,39,1.7,relative,,14,shared/data/HelpCodexData.lua:81
help.egg.hatch,19,39,2.05,relative,,14,shared/data/HelpCodexData.lua:83
help.egg.nest,26,36,1.38,relative,,14,shared/data/HelpCodexData.lua:82
help.egg.time,19,33,1.74,relative,,14,shared/data/HelpCodexData.lua:84
help.egg.title,6,10,1.67,relative,,14,shared/data/HelpCodexData.lua:79
help.enhance.drop,22,35,1.59,relative,,14,shared/data/HelpCodexData.lua:52
help.enhance.pity,26,37,1.42,relative,,14,shared/data/HelpCodexData.lua:54
help.enhance.reset,26,36,1.38,relative,,14,shared/data/HelpCodexData.lua:53
help.enhance.safe,23,35,1.52,relative,,14,shared/data/HelpCodexData.lua:51
help.enhance.title,5,13,2.6,relative,,14,shared/data/HelpCodexData.lua:48
help.enhance.where,15,33,2.2,relative,,14,shared/data/HelpCodexData.lua:50
help.less,4,6,1.5,relative,,14,client/HelpTooltip.lua:144
help.more,9,14,1.56,relative,,14,client/G1_1UiCheck.client.lua:82
help.move.dash,12,19,1.58,relative,,14,shared/data/HelpCodexData.lua:32
help.move.interact,15,20,1.33,relative,,14,shared/data/HelpCodexData.lua:34
help.move.jump,5,5,1.0,relative,,14,shared/data/HelpCodexData.lua:31
help.move.skill,12,29,2.42,relative,,14,shared/data/HelpCodexData.lua:33
help.move.title,7,13,1.86,relative,,14,shared/data/HelpCodexData.lua:28
help.move.walk,10,20,2.0,relative,,14,shared/data/HelpCodexData.lua:30
help.open,3,4,1.33,fixed,96,14,client/BossIntroCard.client.lua:101
help.pet.cap,16,28,1.75,relative,,14,shared/data/HelpCodexData.lua:75
help.pet.follow,19,23,1.21,relative,,14,shared/data/HelpCodexData.lua:72
help.pet.hatch,15,26,1.73,relative,,14,shared/data/HelpCodexData.lua:71
help.pet.level,24,40,1.67,relative,,14,shared/data/HelpCodexData.lua:74
help.pet.pickup,24,39,1.62,relative,,14,shared/data/HelpCodexData.lua:73
help.pet.title,1,3,3.0,relative,,14,shared/data/HelpCodexData.lua:69
help.stealLock.bounce,19,33,1.74,relative,,14,shared/data/HelpCodexData.lua:62
help.stealLock.free,22,37,1.68,relative,,14,shared/data/HelpCodexData.lua:63
help.stealLock.reward,24,36,1.5,relative,,14,shared/data/HelpCodexData.lua:65
help.stealLock.see,27,40,1.48,relative,,14,shared/data/HelpCodexData.lua:61
help.stealLock.together,26,38,1.46,relative,,14,shared/data/HelpCodexData.lua:64
help.title,8,10,1.25,relative,,14,client/panels/Help.lua:295
help.windows.bag,8,14,1.75,relative,,14,shared/data/HelpCodexData.lua:40
help.windows.character,11,26,2.36,relative,,14,shared/data/HelpCodexData.lua:41
help.windows.close,11,21,1.91,relative,,14,shared/data/HelpCodexData.lua:44
help.windows.map,8,13,1.62,relative,,14,shared/data/HelpCodexData.lua:42
help.windows.recall,9,16,1.78,relative,,14,shared/data/HelpCodexData.lua:43
help.windows.title,6,16,2.67,relative,,14,shared/data/HelpCodexData.lua:38
hotkeys.bag,2,3,1.5,relative,,14,client/ui/PanelRegistry.lua:54
hotkeys.character,3,9,3.0,relative,,14,client/ui/PanelRegistry.lua:55
hotkeys.close,4,12,3.0,relative,,14,client/ui/PanelRegistry.lua:63
hotkeys.codex,2,5,2.5,relative,,14,client/ui/PanelRegistry.lua:60
hotkeys.interact,4,8,2.0,relative,,14,client/ui/PanelRegistry.lua:52
hotkeys.lock,5,8,1.6,relative,,14,client/ui/PanelRegistry.lua:51
hotkeys.map,2,3,1.5,relative,,14,client/ui/PanelRegistry.lua:57
hotkeys.move,12,18,1.5,relative,,14,client/ui/PanelRegistry.lua:49
hotkeys.party,2,5,2.5,relative,,14,client/ui/PanelRegistry.lua:61
hotkeys.quests,3,6,2.0,relative,,14,client/ui/PanelRegistry.lua:59
hotkeys.rank,2,5,2.5,relative,,14,client/ui/PanelRegistry.lua:62
hotkeys.recall,13,30,2.31,relative,,14,client/ui/PanelRegistry.lua:53
hotkeys.skills,8,17,2.12,relative,,14,client/ui/PanelRegistry.lua:50
hotkeys.title,3,7,2.33,none,,,-
hotkeys.training,2,8,4.0,relative,,14,client/ui/PanelRegistry.lua:56
hotkeys.zone,5,11,2.2,relative,,14,client/ui/PanelRegistry.lua:58
hud.band.challenge,2,5,2.5,fixed,88,14,client/StageRewardBand.lua:340
hud.band.codex,2,5,2.5,relative,,14,client/StageRewardBand.lua:300
hud.band.dropTicket,11,15,1.36,relative,,14,client/StageRewardBand.lua:123
hud.band.empty,18,30,1.67,relative,,14,client/StageRewardBand.lua:417
hud.band.firstHead,5,11,2.2,relative,,14,client/StageRewardBand.lua:118
hud.band.gateGuide,5,7,1.4,fixed,84,14,client/StageRewardBand.lua:357
hud.band.gear,41,42,1.02,relative,,14,client/StageRewardBand.lua:116
hud.band.gearClaimed,46,44,0.96,relative,,14,client/StageRewardBand.lua:114
hud.band.gimmick,34,34,1.0,relative,,14,client/StageRewardBand.lua:231
hud.band.gimmickEmpty,32,48,1.5,relative,,14,client/StageRewardBand.lua:221
hud.band.gimmickHelp,6,9,1.5,fixed,92,14,client/StageRewardBand.lua:261
hud.band.gimmickN,13,24,1.85,relative,,14,client/StageRewardBand.lua:230
hud.band.gimmickSub,45,45,1.0,relative,,14,client/StageRewardBand.lua:231
hud.band.guideHere,6,8,1.33,fixed,92,14,client/StageRewardBand.lua:241
hud.band.loading,11,16,1.45,relative,,14,client/StageRewardBand.lua:424
hud.band.remoteEntry,5,8,1.6,relative,,14,client/StageRewardBand.lua:406
hud.band.remoteLocked,27,42,1.56,relative,,14,client/StageRewardBand.lua:405
hud.band.resetTicket,12,16,1.33,relative,,14,client/StageRewardBand.lua:124
hud.band.ticketClaimed,12,12,1.0,relative,,14,client/StageRewardBand.lua:137
hud.band.ticketRow,15,20,1.33,relative,,14,client/StageRewardBand.lua:144
hud.band.ticketRowClaimed,20,22,1.1,relative,,14,client/StageRewardBand.lua:142
hud.band.title,24,27,1.12,relative,,14,client/StageRewardBand.lua:166
hud.band.titleLoading,11,14,1.27,relative,,14,client/StageRewardBand.lua:423
hud.feed.item,21,21,1.0,relative,,14,client/hud/DropFeed.client.lua:59
hud.feed.partFallback,2,4,2.0,relative,,14,client/hud/DropFeed.client.lua:30
hud.feed.party,29,29,1.0,relative,,14,client/hud/DropFeed.client.lua:92
hud.feed.primal,32,27,0.84,relative,,14,client/hud/DropFeed.client.lua:105
hud.menu.more,3,4,1.33,relative,,14,client/hud/MenuBar.client.lua:292
hud.menu.shop,2,4,2.0,relative,,14,client/hud/MenuBar.client.lua:293
hud.party.away,9,11,1.22,relative,,14,client/hud/PartyAway.lua:42
hud.party.awayShort,6,7,1.17,relative,,14,client/hud/PartyAway.lua:42
hud.party.awaySubtitle,23,23,1.0,relative,,14,client/hud/PartyListView.lua:91
hud.party.buffChip,9,10,1.11,relative,,14,client/hud/PartyListView.lua:252
hud.party.buffChipShort,6,6,1.0,relative,,14,client/hud/PartyListView.lua:252
hud.party.expChip,9,9,1.0,relative,,14,client/hud/PartyListView.lua:259
hud.party.expChipFriend,18,24,1.33,relative,,14,client/hud/PartyListView.lua:259
hud.party.friendInvite,7,8,1.14,relative,,14,client/hud/PartyRequests.client.lua:120
hud.party.friendJoined,24,26,1.08,relative,,14,client/hud/PartyRequests.client.lua:119
hud.party.inviteBody,10,22,2.2,relative,,14,client/hud/PartyRequests.client.lua:45
hud.party.inviteBodyRemote,28,44,1.57,relative,,14,client/hud/PartyRequests.client.lua:45
hud.party.inviteTitle,17,28,1.65,relative,,14,client/hud/PartyRequests.client.lua:48
hud.party.reconnectBody,33,41,1.24,relative,,14,client/hud/PartyAway.lua:52
hud.party.reconnectRemaining,9,13,1.44,relative,,14,client/hud/PartyAway.lua:49
hud.party.reconnectTitle,21,25,1.19,relative,,14,client/hud/PartyAway.lua:47
hud.party.subtitle,21,22,1.05,relative,,14,client/hud/PartyListView.lua:90
hud.party.vote.failed,14,21,1.5,relative,,14,client/hud/PartyRequests.client.lua:103
hud.party.vote.leaderBody,32,47,1.47,relative,,14,client/hud/PartyRequests.client.lua:86
hud.party.vote.memberBody,21,33,1.57,relative,,14,client/hud/PartyRequests.client.lua:91
hud.party.vote.memberTitle,17,25,1.47,relative,,14,client/hud/PartyRequests.client.lua:90
hud.party.vote.passed,13,20,1.54,relative,,14,client/hud/PartyRequests.client.lua:101
hud.req.accept,2,6,3.0,relative,,14,client/hud/PartyRequests.client.lua:52
hud.req.agree,2,5,2.5,relative,,14,client/hud/PartyRequests.client.lua:73
hud.req.decline,2,7,3.5,relative,,14,client/hud/PartyRequests.client.lua:55
hud.req.goBack,4,6,1.5,relative,,14,client/hud/PartyRequests.client.lua:34
hud.req.later,3,5,1.67,relative,,14,client/hud/PartyRequests.client.lua:37
hud.skill.title,16,16,1.0,relative,,14,client/hud/SkillTooltip.lua:153
hud.toast.levelUp,11,16,1.45,relative,,14,client/hud/SystemToasts.client.lua:31
hud.toast.more,6,10,1.67,relative,,14,client/hud/SystemToasts.client.lua:49
hud.toast.pickup,33,34,1.03,relative,,14,client/hud/SystemToasts.client.lua:46
hud.ult.full,5,5,1.0,relative,,16,client/hud/UltGauge.client.lua:63
hud.ult.name,3,8,2.67,fixed,520,44,client/hud/UltGauge.client.lua:130
hud.ult.percent,6,6,1.0,relative,,16,client/hud/UltGauge.client.lua:55
inherit.help.detail,101,173,1.71,relative,,14,client/panels/Inherit.lua:107
inherit.help.short,25,37,1.48,relative,,14,client/panels/Inherit.lua:106
inv.act.craft,2,6,3.0,relative,,14,client/panels/Inventory/DetailSheet.lua:169
inv.act.dismantle,2,7,3.5,relative,,14,client/panels/Inventory/DetailSheet.lua:158
inv.act.equip,2,5,2.5,relative,,14,client/panels/Inventory/DetailSheet.lua:151
inv.act.inherit,2,7,3.5,relative,,14,client/panels/Inventory/DetailSheet.lua:154
inv.act.reroll,8,11,1.38,relative,,14,client/panels/Inventory/DetailSheet.lua:188
inv.act.sell,2,4,2.0,relative,,14,client/panels/Inventory/DetailSheet.lua:162
inv.act.unequip,2,6,3.0,relative,,14,client/panels/Inventory/DetailSheet.lua:246
inv.axis.attackPercent,2,5,2.5,relative,,14,client/panels/Inventory/GearTab.lua:257
inv.axis.crit,2,4,2.0,relative,,14,client/panels/Inventory/GearTab.lua:351
inv.axis.defensePercent,2,5,2.5,relative,,14,client/panels/Inventory/GearTab.lua:259
inv.axis.expGain,2,6,3.0,relative,,14,client/panels/Inventory/GearTab.lua:261
inv.axis.finalDamage,5,9,1.8,relative,,14,client/panels/Inventory/GearTab.lua:351
inv.axis.healingPower,2,5,2.5,relative,,14,client/panels/Inventory/GearTab.lua:262
inv.axis.lifesteal,2,9,4.5,relative,,14,client/panels/Inventory/GearTab.lua:263
inv.axis.maxHpPercent,5,6,1.2,relative,,14,client/panels/Inventory/GearTab.lua:351
inv.axis.speedPercent,2,5,2.5,relative,,14,client/panels/Inventory/GearTab.lua:258
inv.bag.count,11,15,1.36,relative,,14,client/panels/Inventory/BagTab.lua:343
inv.cmp.down,17,17,1.0,relative,,14,client/panels/Inventory/Compare.lua:40
inv.cmp.equippedOption,19,27,1.42,relative,,14,client/panels/Inventory/Compare.lua:74
inv.cmp.none,35,44,1.26,relative,,14,client/panels/Inventory/Compare.lua:25
inv.cmp.same,21,29,1.38,relative,,14,client/panels/Inventory/Compare.lua:36
inv.cmp.stat.armor,3,7,2.33,relative,,14,client/panels/Inventory/Compare.lua:23
inv.cmp.stat.gloves,3,6,2.0,relative,,14,client/panels/Inventory/Compare.lua:23
inv.cmp.stat.shoes,7,16,2.29,relative,,14,client/panels/Inventory/Compare.lua:23
inv.cmp.up,17,17,1.0,relative,,14,client/panels/Inventory/Compare.lua:38
inv.detail.empty,10,16,1.6,relative,,14,client/panels/Inventory/DetailSheet.lua:264
inv.detail.emptyHint,58,85,1.47,relative,,14,client/panels/Inventory/DetailSheet.lua:264
inv.detail.equipped,17,21,1.24,relative,,14,client/panels/Inventory/DetailSheet.lua:238
inv.detail.inBag,15,16,1.07,relative,,14,client/panels/Inventory/CompareTip.lua:61
inv.equipped.title,4,8,2.0,relative,,14,client/panels/Inventory/GearTab.lua:49
inv.filter.lockedOnly,5,11,2.2,relative,,14,client/panels/Inventory/BagTab.lua:156
inv.gems.title,4,7,1.75,fixed,70,14,client/panels/Inventory/DetailCard.lua:218
inv.lock.needUnlockSell,19,26,1.37,relative,,14,client/panels/Inventory/DetailSheet.lua:360
inv.lock.row,23,36,1.57,relative,,14,client/panels/Inventory/DetailCard.lua:267
inv.set.effect,16,16,1.0,relative,,14,client/panels/Inventory/GearTab.lua:351
inv.set.hint,33,39,1.18,relative,,14,client/panels/Inventory/GearTab.lua:359
inv.set.tierOff,16,22,1.38,relative,,14,client/panels/Inventory/GearTab.lua:353
inv.set.tierOn,21,31,1.48,relative,,14,client/panels/Inventory/GearTab.lua:353
inv.set.title,18,22,1.22,relative,,14,client/panels/Inventory/GearTab.lua:335
inv.set.titleNone,22,35,1.59,relative,,14,client/panels/Inventory/GearTab.lua:342
inv.stamp.head,12,12,1.0,relative,,14,client/panels/Inventory/DetailCard.lua:473
inv.stamp.owner,30,39,1.3,relative,,14,client/panels/Inventory/DetailCard.lua:477
inv.stamp.ownerNoDate,17,26,1.53,relative,,14,client/panels/Inventory/DetailCard.lua:477
inv.stamp.source,14,18,1.29,relative,,14,client/panels/Inventory/DetailCard.lua:479
inv.stat.attack,3,6,2.0,relative,,14,client/panels/Inventory/GearTab.lua:129
inv.stat.defense,3,7,2.33,relative,,14,client/panels/Inventory/GearTab.lua:129
inv.stat.maxHp,5,6,1.2,relative,,14,client/panels/Inventory/GearTab.lua:129
inv.tab.all,2,3,1.5,relative,,14,client/panels/Inventory/Shell.lua:485
inv.tab.armor,2,5,2.5,relative,,14,client/panels/Inventory/Shell.lua:485
inv.tab.gear,2,4,2.0,relative,,14,client/panels/Inventory/Shell.lua:485
inv.tab.gem,2,3,1.5,relative,,14,client/panels/Inventory/Shell.lua:485
inv.tab.gloves,2,6,3.0,relative,,14,client/panels/Inventory/Shell.lua:485
inv.tab.shoes,2,5,2.5,relative,,14,client/panels/Inventory/Shell.lua:485
item.critOverflowNote,24,39,1.62,relative,,14,shared/ItemDescribe.lua:21
item.setLine,14,15,1.07,relative,,14,shared/ItemDescribe.lua:128
item.sourceLine,14,18,1.29,relative,,14,shared/ItemDescribe.lua:132
leaderboard.help.detail,64,118,1.84,relative,,14,client/panels/Leaderboard.lua:152
leaderboard.help.short,33,40,1.21,relative,,14,client/panels/Leaderboard.lua:151
lift.action,2,4,2.0,relative,,14,server/Travel.lua:862
lift.locked,18,24,1.33,relative,,14,client/VineLiftView.client.lua:65
lift.lockedNotice,34,41,1.21,relative,,14,server/Travel.lua:567
lift.open,24,30,1.25,relative,,14,client/VineLiftView.client.lua:64
lift.prompt,22,27,1.23,relative,,14,client/VineLiftView.client.lua:71
lift.unlockToast,58,71,1.22,relative,,14,client/VineLiftView.client.lua:204
linger.cannotNext,45,39,0.87,relative,,14,server/BossLinger.lua:112
linger.leaderOnly,12,32,2.67,relative,,14,client/panels/BossLinger.lua:66
linger.line,49,49,1.0,relative,,14,client/panels/BossLinger.lua:62
linger.lineNoNext,37,42,1.14,relative,,14,client/panels/BossLinger.lua:62
linger.next,7,10,1.43,relative,,14,client/panels/BossLinger.lua:51
linger.noNextReason,33,36,1.09,relative,,14,client/panels/BossLinger.lua:63
linger.retry,5,5,1.0,relative,,14,client/panels/BossLinger.lua:52
linger.retryVote,6,10,1.67,relative,,14,client/panels/BossLinger.lua:65
linger.title,6,10,1.67,relative,,14,client/panels/BossLinger.lua:31
linger.town,2,4,2.0,relative,,14,client/panels/BossLinger.lua:53
map.autoWalk,5,9,1.8,fixed,150,14,client/panels/Quests.lua:188
map.camp,16,21,1.31,relative,,14,client/panels/WorldMapPanel.lua:59
map.checkpoint,18,23,1.28,relative,,14,client/panels/WorldMapPanel.lua:72
map.gate,16,20,1.25,relative,,14,client/panels/WorldMapPanel.lua:63
map.ground,14,14,1.0,relative,,14,client/panels/WorldMapPanel.lua:61
map.guide,4,5,1.25,relative,,14,client/panels/WorldMapPanel.lua:258
map.hub,11,19,1.73,relative,,14,client/panels/WorldMapPanel.lua:50
map.pickHint,13,29,2.23,relative,,14,client/panels/WorldMapPanel.lua:182
map.pinHint,32,53,1.66,relative,,14,client/panels/WorldMapPanel.lua:275
map.teleport,4,8,2.0,relative,,14,client/panels/WorldMapPanel.lua:266
map.title,2,3,1.5,relative,,14,client/panels/WorldMapPanel.lua:189
milestones.help.detail,163,268,1.64,relative,,14,client/panels/Milestones.lua:36
milestones.help.short,46,67,1.46,relative,,14,client/panels/Milestones.lua:35
moment.bossStamp,3,9,3.0,relative,,14,client/BossLingerClient.client.lua:27
moment.cellDone,19,27,1.42,relative,,14,client/CodexMoments.client.lua:56
moment.cellDoneMore,25,32,1.28,relative,,14,client/CodexMoments.client.lua:56
moment.lineTitle,18,25,1.39,relative,,14,client/CodexMoments.client.lua:72
moment.transSub,31,35,1.13,relative,,14,client/CodexMoments.client.lua:65
moment.transTitle,12,29,2.42,relative,,14,client/CodexMoments.client.lua:65
moveUnlock.popup.1,27,36,1.33,relative,,14,shared/data/MovementUnlockData.lua:33
moveUnlock.popup.2,20,29,1.45,relative,,14,shared/data/MovementUnlockData.lua:34
moveUnlock.popup.3,21,39,1.86,relative,,14,server/MV1Verify.lua:127
moveUnlock.popup.4,23,33,1.43,relative,,14,shared/data/MovementUnlockData.lua:36
moveUnlock.popup.5,14,29,2.07,relative,,14,shared/data/MovementUnlockData.lua:37
moveUnlock.popup.ok,2,2,1.0,fixed,120,14,client/MoveUnlockPopup.client.lua:112
moveUnlock.popup.title,7,8,1.14,relative,,14,client/MoveUnlockPopup.client.lua:95
moveUnlock.reward.1,21,34,1.62,relative,,14,shared/data/MovementUnlockData.lua:42
moveUnlock.reward.2,20,35,1.75,relative,,14,shared/data/MovementUnlockData.lua:43
moveUnlock.reward.3,25,40,1.6,relative,,14,shared/data/MovementUnlockData.lua:44
moveUnlock.reward.4,27,38,1.41,relative,,14,shared/data/MovementUnlockData.lua:45
moveUnlock.reward.5,32,56,1.75,relative,,14,shared/data/MovementUnlockData.lua:46
moveUnlock.rewardHeader,5,15,3.0,relative,,14,client/panels/Enhance/RebirthView.lua:100
nameplate.mob.level,6,6,1.0,relative,,14,client/TargetFocus.client.lua:530
nest.action,4,8,2.0,relative,,14,client/NestView.client.lua:93
nest.discovered,20,28,1.4,relative,,14,client/NestView.client.lua:201
nest.full,29,36,1.24,relative,,14,client/NestView.client.lua:163
nest.gotEgg,32,39,1.22,relative,,14,client/NestView.client.lua:169
nest.object,2,4,2.0,relative,,14,client/NestView.client.lua:94
nest.title,18,25,1.39,relative,,14,client/NestView.client.lua:205
party.board.empty,21,32,1.52,relative,,14,client/panels/PartyBoard.lua:108
party.board.join,2,4,2.0,relative,,14,client/panels/PartyBoard.lua:140
party.board.open,6,11,1.83,relative,,14,client/panels/Party.lua:308
party.board.post,6,4,0.67,relative,,14,client/panels/PartyBoard.lua:97
party.board.posted,31,40,1.29,relative,,14,server/PartyServer.server.lua:147
party.board.remove,6,9,1.5,relative,,14,client/panels/PartyBoard.lua:102
party.board.role,2,4,2.0,relative,,14,client/panels/PartyBoard.lua:73
party.board.row,32,32,1.0,relative,,14,client/panels/PartyBoard.lua:153
party.board.size,2,4,2.0,relative,,14,client/panels/PartyBoard.lua:85
party.board.title,5,11,2.2,relative,,14,client/panels/PartyBoard.lua:54
party.help.short,33,35,1.06,relative,,14,client/panels/Party.lua:160
party.invitePrompt,33,40,1.21,relative,,14,client/panels/Party.lua:58
party.inviteTop,14,34,2.43,relative,,14,client/panels/Party.lua:294
pet.autoOff,10,15,1.5,relative,,14,client/panels/EggInfo.lua:152
pet.autoOn,8,17,2.12,relative,,14,client/panels/EggInfo.lua:152
pet.claim,2,5,2.5,relative,,14,client/panels/EggInfo.lua:148
pet.equip,7,10,1.43,relative,,14,client/panels/EggInfo.lua:155
pet.hatch,2,5,2.5,relative,,14,client/panels/EggInfo.lua:105
pet.hatchingHeader,12,16,1.33,relative,,14,client/panels/EggInfo.lua:142
pet.left,7,9,1.29,relative,,14,client/panels/EggInfo.lua:147
pet.levelHeader,47,75,1.6,relative,,14,client/panels/EggInfo.lua:159
pet.levelRow,28,33,1.18,relative,,14,client/panels/EggInfo.lua:166
pet.listHeader,28,37,1.32,relative,,14,client/panels/EggInfo.lua:152
pet.ready,5,7,1.4,relative,,14,client/panels/EggInfo.lua:147
pet.unequip,4,5,1.25,relative,,14,client/panels/EggInfo.lua:155
prob.boss,20,39,1.95,relative,,14,client/panels/Probability.lua:98
prob.enhance,19,48,2.53,relative,,14,client/panels/Probability.lua:106
prob.field,23,41,1.78,relative,,14,client/panels/Probability.lua:94
prob.firstClear,7,13,1.86,relative,,14,client/panels/Probability.lua:99
prob.hatch,35,68,1.94,relative,,14,client/panels/Probability.lua:129
prob.open,5,9,1.8,fixed,200,14,client/panels/Quests.lua:223
prob.option,26,51,1.96,relative,,14,client/panels/Probability.lua:110
prob.optionOff,20,27,1.35,relative,,14,client/panels/Probability.lua:122
prob.raid,51,77,1.51,relative,,14,client/panels/Probability.lua:104
prob.row,41,69,1.68,none,,,-
prob.sparkle,9,17,1.89,relative,,14,client/panels/Probability.lua:105
prob.title,5,4,0.8,relative,,14,client/panels/Probability.lua:142
prob.variant,41,65,1.59,relative,,14,client/panels/Probability.lua:124
prob.version,8,17,2.12,relative,,14,client/panels/Probability.lua:138
quests.abilities,15,31,2.07,none,,,-
quests.challengeHead,34,35,1.03,relative,,14,client/panels/Quests.lua:285
quests.challengeMine,9,12,1.33,relative,,14,client/panels/Quests.lua:319
quests.challengeRow,21,21,1.0,relative,,14,client/panels/Quests.lua:315
quests.chest,8,11,1.38,fixed,200,14,client/panels/Quests.lua:220
quests.claim,2,5,2.5,fixed,80,14,client/panels/Attendance.lua:80
quests.claimed,2,7,3.5,fixed,128,14,client/panels/Quests.lua:114
quests.communityHead,13,22,1.69,relative,,14,client/panels/Quests.lua:248
quests.communityMine,20,27,1.35,relative,,14,client/panels/Quests.lua:262
quests.communityTier,10,11,1.1,relative,,14,client/panels/Quests.lua:269
quests.currencies,32,46,1.44,none,,,-
quests.daily,21,29,1.38,none,,,-
quests.guide,4,5,1.25,relative,,14,client/panels/Quests.lua:180
quests.journeyStep,15,23,1.53,relative,,14,client/panels/Quests.lua:169
quests.login,11,24,2.18,relative,,14,client/panels/Quests.lua:207
quests.main,27,31,1.15,none,,,-
quests.mainDone,16,20,1.25,relative,,14,client/panels/Quests.lua:158
quests.mainUnlock,17,19,1.12,none,,,-
quests.progress,20,20,1.0,none,,,-
quests.rewardLabel,4,6,1.5,fixed,14,14,client/panels/Quests.lua:177
quests.tab.challenge,5,9,1.8,relative,,14,client/panels/Quests.lua:55
quests.tab.community,7,12,1.71,relative,,14,client/panels/Quests.lua:55
quests.tab.daily,2,5,2.5,relative,,14,client/panels/Quests.lua:55
quests.tab.main,2,4,2.0,relative,,14,client/panels/Quests.lua:55
quests.tab.weekly,2,6,3.0,relative,,14,client/panels/Quests.lua:55
quests.title,8,17,2.12,none,,,-
quests.titleV2,3,6,2.0,relative,,14,client/panels/Quests.lua:46
quests.trainButton,6,8,1.33,none,,,-
quests.trainCap,2,3,1.5,relative,,14,client/panels/Training.lua:124
quests.trainRow,30,35,1.17,none,,,-
quests.training,12,29,2.42,none,,,-
quests.weekly,15,28,1.87,none,,,-
rebirth.confirm.body,131,181,1.38,relative,,14,client/RebirthAltar.client.lua:41
rebirth.confirm.cancel,2,6,3.0,relative,,14,client/RebirthAltar.client.lua:47
rebirth.confirm.close,2,5,2.5,relative,,14,client/RebirthAltar.client.lua:31
rebirth.confirm.done,33,40,1.21,relative,,14,client/RebirthAltar.client.lua:29
rebirth.confirm.ok,4,7,1.75,relative,,14,client/RebirthAltar.client.lua:30
rebirth.confirm.title,17,35,2.06,relative,,14,client/RebirthAltar.client.lua:28
rebirth.levelShort,20,31,1.55,relative,,14,client/RebirthAltar.client.lua:50
rebirth.tab.status,53,57,1.08,relative,,16,client/panels/Enhance/RebirthView.lua:120
rebirth.tab.where,39,67,1.72,relative,,16,client/panels/Enhance/RebirthView.lua:120
rebirth.weaponPrimordialRule,68,100,1.47,relative,,14,client/panels/Enhance/RebirthView.lua:115
scene.autoWalk.arrived,5,16,3.2,relative,,14,client/AutoWalk.lua:48
scene.autoWalk.damaged,16,34,2.12,relative,,14,client/AutoWalk.lua:49
scene.autoWalk.drop,21,37,1.76,relative,,14,client/AutoWalk.lua:52
scene.autoWalk.stuck,17,31,1.82,relative,,14,client/AutoWalk.lua:53
scene.boss.env.pads,12,19,1.58,fixed,360,22,client/BossEnvironmentView.lua:354
scene.boss.env.padsToCrystal,19,27,1.42,fixed,360,22,client/BossEnvironmentView.lua:354
scene.boss.orgel.fail,17,36,2.12,relative,,14,client/BossGimmick13View.lua:360
scene.boss.orgel.input,28,43,1.54,relative,,14,client/BossGimmick13View.lua:314
scene.boss.orgel.remember,11,21,1.91,relative,,14,client/BossGimmick13View.lua:295
scene.boss.orgel.success,8,16,2.0,relative,,14,client/BossGimmick13View.lua:444
scene.boss.regrow.escape,15,23,1.53,relative,,14,client/BossRegrowView.lua:138
scene.boss.rods.status,25,33,1.32,relative,,14,client/BossRodsView.lua:103
scene.boss.sand.dark,22,26,1.18,relative,,14,client/BossGimmick13View.lua:157
scene.boss.sand.find,19,37,1.95,relative,,14,client/BossGimmick13View.lua:158
scene.boss.sand.stopped,17,33,1.94,relative,,14,client/BossGimmick13View.lua:157
scene.boss.shell.stopAttack,7,16,2.29,relative,,14,client/BossBR13View.lua:450
scene.boss.sonic.covered,6,10,1.67,relative,,14,client/BossSonicView.lua:148
scene.boss.sonic.hit,3,6,2.0,relative,,14,client/BossSonicView.lua:153
scene.boss.trap.airFrozen,12,22,1.83,relative,,14,client/BossTrapView.lua:38
scene.boss.trap.bubbled,5,11,2.2,relative,,14,client/BossTrapView.lua:39
scene.boss.trap.buried,2,5,2.5,relative,,14,client/BossTrapView.lua:35
scene.boss.trap.caught,2,6,3.0,relative,,14,client/BossTrapView.lua:343
scene.boss.trap.crystallized,3,12,4.0,relative,,14,client/BossTrapView.lua:34
scene.boss.trap.frozen,2,6,3.0,relative,,14,client/BossTrapView.lua:32
scene.boss.trap.grabbed,5,8,1.6,relative,,14,client/BossTrapView.lua:37
scene.boss.trap.rescuing,22,23,1.05,relative,,14,client/BossTrapView.lua:343
scene.boss.trap.shocked,2,7,3.5,relative,,14,client/BossTrapView.lua:36
scene.boss.trap.snowball,3,8,2.67,relative,,14,client/BossTrapView.lua:40
scene.boss.trap.stuck,23,23,1.0,relative,,14,client/BossTrapView.lua:343
scene.boss.trap.submerged,2,9,4.5,relative,,14,client/BossTrapView.lua:33
scene.community.boardPending,20,29,1.45,relative,,14,client/CommunityGoalView.client.lua:199
scene.community.boardProgress,22,22,1.0,relative,,14,client/CommunityGoalView.client.lua:198
scene.community.claimed,14,19,1.36,relative,,14,client/CommunityGoalView.client.lua:121
scene.damage.absorbed,6,12,2.0,relative,,14,client/DamageNumbers.lua:125
scene.damage.immune,2,6,3.0,relative,,14,client/DamageNumbers.lua:68
scene.damage.takenAbsorbed,13,19,1.46,relative,,14,client/DamageNumbers.lua:121
scene.enhance.announce,28,32,1.14,relative,,14,client/EnhanceAnnounceClient.client.lua:14
scene.fall.thud,2,5,2.5,relative,,14,client/FallFx.client.lua:98
scene.gate.registerKey,9,17,1.89,relative,,14,client/BossGateMarks.client.lua:75
scene.gate.registerTouch,15,30,2.0,relative,,14,client/BossGateMarks.client.lua:75
scene.guide.hub,2,3,1.5,relative,,14,client/QuestGuide.lua:52
scene.guide.lookout,8,18,2.25,relative,,14,client/QuestGuide.lua:52
scene.hud.attack,2,6,3.0,relative,,14,client/SkillSlots.client.lua:140
scene.map.pin,5,7,1.4,relative,,14,client/MapPins.lua:62
scene.milestone.head,15,23,1.53,relative,,14,client/MilestoneToast.client.lua:17
scene.milestone.list,7,9,1.29,relative,,14,client/MilestoneToast.client.lua:25
scene.milestone.stat,20,25,1.25,relative,,14,client/MilestoneToast.client.lua:20
scene.primordial.bannerNth,28,30,1.07,relative,,14,client/PrimordialFx.client.lua:37
scene.primordial.chatNth,19,21,1.11,relative,,14,client/PrimordialFx.client.lua:51
scene.primordial.gradePrimordial,2,10,5.0,relative,,14,client/PrimordialFx.client.lua:34
scene.primordial.gradeTranscendent,2,12,6.0,relative,,14,client/PrimordialFx.client.lua:34
scene.primordial.moving,5,7,1.4,fixed,220,14,client/PrimordialFx.client.lua:92
scene.primordial.recentBatch,18,37,2.06,relative,,14,client/PrimordialFx.client.lua:149
scene.primordial.serverAll,6,13,2.17,relative,,14,client/PrimordialFx.client.lua:36
scene.primordial.serverThis,6,13,2.17,relative,,14,client/PrimordialFx.client.lua:36
scene.primordial.spectate,22,27,1.23,fixed,220,14,client/PrimordialFx.client.lua:82
scene.stage.best,16,15,0.94,relative,,12,client/StageUI.client.lua:138
scene.stage.bestNone,7,6,0.86,relative,,12,client/StageUI.client.lua:112
scene.tutorial.challenge,5,10,2.0,relative,,12,client/TutorialHud.client.lua:166
scene.tutorial.chip,2,10,5.0,relative,,13,client/TutorialHud.client.lua:156
scene.tutorial.chipProgress,20,32,1.6,relative,,13,client/TutorialHud.client.lua:232
scene.tutorial.graduated,5,19,3.8,relative,,14,client/TutorialHud.client.lua:119
scene.tutorial.invite,6,6,1.0,relative,,12,client/TutorialHud.client.lua:194
scene.tutorial.stepTitle,28,31,1.11,relative,,14,client/TutorialHud.client.lua:122
scene.weekly.head,33,35,1.06,fixed,12,14,client/UpdateBoard.client.lua:143
scene.weekly.mine,9,12,1.33,fixed,12,14,client/UpdateBoard.client.lua:151
scene.weekly.row,21,21,1.0,fixed,16,14,client/UpdateBoard.client.lua:149
scene.world.autoWalkOn,12,16,1.33,relative,,12,client/WorldClient.client.lua:220
scene.world.back,4,6,1.5,relative,,14,client/WorldClient.client.lua:267
scene.world.backTime,8,10,1.25,relative,,14,client/WorldClient.client.lua:332
scene.world.field,2,6,3.0,relative,,14,client/WorldClient.client.lua:424
scene.world.gateLabel,13,15,1.15,relative,,14,client/WorldClient.client.lua:451
scene.world.goal,24,23,0.96,relative,,14,client/WorldClient.client.lua:490
scene.world.goalGate,32,37,1.16,relative,,14,client/WorldClient.client.lua:484
scene.world.guideDistance,9,12,1.33,relative,,14,client/WorldClient.client.lua:490
scene.world.guideOff,16,26,1.62,relative,,14,client/WorldClient.client.lua:480
scene.world.guideTipOff,11,25,2.27,relative,,14,client/WorldClient.client.lua:181
scene.world.guideTipOn,11,24,2.18,relative,,14,client/WorldClient.client.lua:181
scene.world.lock,38,56,1.47,relative,,14,client/WorldClient.client.lua:49
scene.world.prevZone,5,13,2.6,relative,,14,client/WorldClient.client.lua:49
scene.world.recall,2,6,3.0,relative,,14,client/WorldClient.client.lua:265
scene.world.recallCanceled,3,8,2.67,relative,,14,client/WorldClient.client.lua:339
scene.world.recallTime,6,10,1.67,relative,,14,client/WorldClient.client.lua:344
scene.world.teleport,5,6,1.2,relative,,14,client/WorldClient.client.lua:229
scene.world.toParty,4,5,1.25,relative,,14,client/WorldClient.client.lua:266
scene.world.tree,14,22,1.57,relative,,14,client/WorldClient.client.lua:413
scene.world.treeStation,24,33,1.38,relative,,14,client/WorldClient.client.lua:413
scene.zone.enter,13,19,1.46,relative,,14,client/ZoneBoundaryWarning.client.lua:119
scene.zone.enterTier,27,35,1.3,relative,,14,client/ZoneBoundaryWarning.client.lua:110
season.claim,2,5,2.5,relative,,14,client/panels/Shop/SeasonTab.lua:51
season.claimed,2,7,3.5,relative,,14,client/panels/Shop/SeasonTab.lua:51
season.colFree,2,4,2.0,relative,,14,client/panels/Shop/SeasonTab.lua:144
season.colPaid,2,4,2.0,relative,,14,client/panels/Shop/SeasonTab.lua:144
season.colTier,1,4,4.0,relative,,14,client/panels/Shop/SeasonTab.lua:144
season.eggNote,22,37,1.68,relative,,14,client/panels/Shop/SeasonTab.lua:134
season.exp,25,27,1.08,relative,,14,client/panels/Shop/SeasonTab.lua:126
season.header,19,26,1.37,relative,,14,client/panels/Shop/SeasonTab.lua:123
season.locked,2,6,3.0,relative,,14,client/panels/Shop/SeasonTab.lua:51
season.off,21,24,1.14,relative,,14,client/panels/Shop/SeasonTab.lua:119
season.premiumOn,31,34,1.1,relative,,14,client/panels/Shop/SeasonTab.lua:129
season.premiumSub,19,36,1.89,relative,,14,client/panels/Shop/RecommendTab.lua:31
season.premiumTitle,7,17,2.43,relative,,14,client/panels/Shop/RecommendTab.lua:31
season.reward.egg,9,16,1.78,relative,,14,client/panels/Shop/SeasonTab.lua:29
season.reward.glider,10,10,1.0,relative,,14,client/panels/Shop/SeasonTab.lua:25
season.reward.shard,9,17,1.89,relative,,14,client/panels/Shop/SeasonTab.lua:31
season.reward.shardEgg,21,36,1.71,relative,,14,client/panels/Shop/SeasonTab.lua:27
season.reward.theme,16,20,1.25,relative,,14,client/panels/Shop/SeasonTab.lua:23
settings.autoStage,25,37,1.48,relative,,14,client/panels/Settings.lua:167
settings.cameraTopDown,17,33,1.94,relative,,14,client/panels/Settings.lua:110
settings.cameraTopDownHint,33,38,1.15,none,,,-
settings.classChange,5,12,2.4,none,,,-
settings.codeLater,14,22,1.57,fixed,90,14,client/panels/Settings.lua:216
settings.codePlaceholder,5,10,2.0,relative,,16,client/panels/Settings.lua:202
settings.codeRedeem,2,6,3.0,fixed,90,14,client/panels/Settings.lua:210
settings.dimOthersTrail,15,32,2.13,relative,,14,client/panels/Settings.lua:115
settings.fx.low,3,3,1.0,relative,,14,client/panels/Settings.lua:101
settings.fx.normal,2,6,3.0,relative,,14,client/panels/Settings.lua:101
settings.fx.off,1,3,3.0,relative,,14,client/panels/Settings.lua:101
settings.fxLevel,5,7,1.4,relative,,14,client/panels/Settings.lua:101
settings.fxLevelHint,28,38,1.36,relative,,14,client/panels/Settings.lua:102
settings.gfx.lite,3,4,1.33,relative,,14,client/panels/Settings.lua:120
settings.gfx.normal,2,6,3.0,relative,,14,client/panels/Settings.lua:120
settings.graphics,3,8,2.67,relative,,14,client/panels/Settings.lua:120
settings.hotkeysPhone,35,56,1.6,relative,,14,client/panels/Settings.lua:235
settings.reduceFlashes,26,57,2.19,relative,,14,client/panels/Settings.lua:105
settings.screenShake,20,37,1.85,none,,,-
settings.shiftLockHint,42,65,1.55,relative,,14,client/panels/Settings.lua:121
settings.soundHeader,5,6,1.2,none,,,-
settings.tab.game,2,4,2.0,relative,,14,client/panels/Settings.lua:88
settings.tab.hotkeys,3,4,1.33,relative,,14,client/panels/Settings.lua:88
settings.tab.screen,2,6,3.0,relative,,14,client/panels/Settings.lua:88
settings.tab.sound,2,5,2.5,relative,,14,client/panels/Settings.lua:88
settings.title,2,8,4.0,relative,,14,client/panels/Settings.lua:80
settings.transcendNotice,11,38,3.45,relative,,14,client/panels/Settings.lua:193
settings.volume.ambient,2,7,3.5,relative,,14,client/panels/Settings.lua:132
settings.volume.bossCue,5,8,1.6,relative,,14,client/panels/Settings.lua:132
settings.volume.music,2,5,2.5,relative,,14,client/panels/Settings.lua:132
settings.volume.sfx,3,7,2.33,relative,,14,client/panels/Settings.lua:132
settings.volume.ui,2,2,1.0,relative,,14,client/panels/Settings.lua:132
settings.volumeValue,4,4,1.0,relative,,14,client/panels/Settings.lua:145
shiftLock.button,2,4,2.0,relative,,14,client/ShiftLock.client.lua:54
shiftLock.chipKey,6,6,1.0,relative,,14,client/ShiftLock.client.lua:87
shiftLock.chipName,5,8,1.6,relative,,14,client/ShiftLock.client.lua:87
shiftLock.off,3,3,1.0,relative,,14,client/ShiftLock.client.lua:87
shiftLock.on,2,2,1.0,relative,,14,client/ShiftLock.client.lua:112
shop.badge.hammer,2,6,3.0,relative,,14,client/panels/Shop/CosmeticTab.lua:140
shop.badge.heart,2,5,2.5,relative,,14,client/panels/Shop/CosmeticTab.lua:140
shop.badge.slime,3,5,1.67,relative,,14,client/panels/Shop/CosmeticTab.lua:140
shop.badge.star,1,4,4.0,relative,,14,client/panels/Shop/CosmeticTab.lua:140
shop.blocked,5,9,1.8,relative,,14,client/panels/Shop/init.lua:131
shop.buy,2,3,1.5,relative,,14,client/panels/Shop/GoldTab.lua:42
shop.cancel,2,6,3.0,relative,,14,client/panels/Shop/init.lua:146
shop.color.ember,2,6,3.0,relative,,14,client/panels/Shop/CosmeticTab.lua:126
shop.color.gold,2,4,2.0,relative,,14,client/panels/Shop/CosmeticTab.lua:126
shop.color.stealShield,2,3,1.5,relative,,14,client/panels/Shop/CosmeticTab.lua:126
shop.color.success,2,5,2.5,relative,,14,client/panels/Shop/CosmeticTab.lua:126
shop.cos.badgeLocked,30,38,1.27,relative,,14,client/panels/Shop/CosmeticTab.lua:146
shop.cos.badgeSection,6,15,2.5,relative,,14,client/panels/Shop/CosmeticTab.lua:135
shop.cos.balance,10,18,1.8,relative,,14,client/panels/Shop/CosmeticTab.lua:75
shop.cos.default,2,7,3.5,relative,,14,client/panels/Shop/CosmeticTab.lua:53
shop.cos.equipSection,20,33,1.65,relative,,14,client/panels/Shop/CosmeticTab.lua:100
shop.cos.gliderSection,19,30,1.58,relative,,14,client/panels/Shop/CosmeticTab.lua:92
shop.cos.gliderSub,13,30,2.31,relative,,14,client/panels/Shop/CosmeticTab.lua:97
shop.cos.nameplateLocked,29,38,1.31,relative,,14,client/panels/Shop/CosmeticTab.lua:132
shop.cos.nameplateSection,5,15,3.0,relative,,14,client/panels/Shop/CosmeticTab.lua:121
shop.cos.noGlider,21,29,1.38,relative,,14,client/panels/Shop/CosmeticTab.lua:115
shop.cos.noGold,28,40,1.43,fixed,110,14,client/panels/Shop/CosmeticTab.lua:76
shop.cos.noTheme,19,27,1.42,relative,,14,client/panels/Shop/CosmeticTab.lua:115
shop.cos.ownedSub,19,30,1.58,relative,,14,client/panels/Shop/CosmeticTab.lua:44
shop.cos.slotLine,13,14,1.08,relative,,14,client/panels/Shop/CosmeticTab.lua:112
shop.cos.themeSection,29,40,1.38,fixed,110,14,client/panels/Shop/CosmeticTab.lua:88
shop.cos.themeSub,22,32,1.45,relative,,14,client/panels/Shop/CosmeticTab.lua:90
shop.cos.try,5,6,1.2,fixed,84,14,client/panels/Shop/CosmeticTab.lua:35
shop.cos.trying,39,52,1.33,relative,,14,client/panels/Shop/init.lua:219
shop.gold.gemTools,5,9,1.8,relative,,14,client/panels/Shop/GoldTab.lua:69
shop.gold.gemToolsSub,28,61,2.18,relative,,14,client/panels/Shop/GoldTab.lua:70
shop.gold.protectionRow,20,21,1.05,relative,,14,client/panels/Shop/GoldTab.lua:40
shop.gold.protectionSection,45,70,1.56,relative,,14,client/panels/Shop/GoldTab.lua:35
shop.gold.protectionSub,27,32,1.19,relative,,14,client/panels/Shop/GoldTab.lua:41
shop.gold.rerollPrice,17,25,1.47,relative,,14,client/panels/Shop/GoldTab.lua:59
shop.gold.rerollPriceShort,33,38,1.15,relative,,14,client/panels/Shop/GoldTab.lua:59
shop.gold.rerollRow,24,35,1.46,relative,,14,client/panels/Shop/GoldTab.lua:58
shop.gold.rerollSection,27,43,1.59,relative,,14,client/panels/Shop/GoldTab.lua:51
shop.gold.toolsSection,2,5,2.5,relative,,14,client/panels/Shop/GoldTab.lua:66
shop.help.detail,92,174,1.89,relative,,14,client/panels/Shop/init.lua:253
shop.help.short,30,39,1.3,relative,,14,client/panels/Shop/init.lua:253
shop.loading,16,15,0.94,relative,,14,client/panels/Shop/ConvenienceTab.lua:25
shop.notReady,4,4,1.0,fixed,104,14,client/panels/Shop/ConvenienceTab.lua:38
shop.odds.buy,7,7,1.0,relative,,14,client/panels/Shop/init.lua:145
shop.odds.line,15,15,1.0,relative,,14,client/panels/Shop/init.lua:162
shop.odds.missing,16,36,2.25,relative,,14,client/panels/Shop/init.lua:181
shop.odds.title,5,10,2.0,relative,,14,client/panels/Shop/init.lua:143
shop.open,2,4,2.0,relative,,14,client/panels/Shop/GoldTab.lua:71
shop.owned,2,5,2.5,fixed,104,14,client/panels/Shop/ConvenienceTab.lua:36
shop.pass.bagExpand.desc,16,21,1.31,relative,,14,client/panels/Shop/ConvenienceTab.lua:47
shop.pass.bagExpand.name,5,11,2.2,relative,,14,client/panels/Shop/ConvenienceTab.lua:47
shop.pass.nameplateBadge.desc,23,38,1.65,relative,,14,client/panels/Shop/ConvenienceTab.lua:47
shop.pass.nameplateBadge.name,6,15,2.5,relative,,14,client/panels/Shop/ConvenienceTab.lua:47
shop.pass.nameplateColor.desc,17,30,1.76,relative,,14,client/panels/Shop/ConvenienceTab.lua:47
shop.pass.nameplateColor.name,5,15,3.0,relative,,14,client/panels/Shop/ConvenienceTab.lua:47
shop.pass.note,43,60,1.4,relative,,14,client/panels/Shop/ConvenienceTab.lua:29
shop.pass.pickupRadius.desc,15,26,1.73,relative,,14,client/panels/Shop/ConvenienceTab.lua:47
shop.pass.pickupRadius.name,8,12,1.5,relative,,14,client/panels/Shop/ConvenienceTab.lua:47
shop.pass.recallCooldown.desc,16,21,1.31,relative,,14,client/panels/Shop/ConvenienceTab.lua:47
shop.pass.recallCooldown.name,5,11,2.2,relative,,14,client/panels/Shop/ConvenienceTab.lua:47
shop.reason.claimed,10,29,2.9,relative,,14,client/panels/Shop/init.lua:426
shop.reason.eggFull,13,15,1.15,relative,,14,client/panels/Shop/init.lua:427
shop.reason.noDust,28,40,1.43,relative,,14,client/panels/Shop/init.lua:416
shop.reason.noGold,9,15,1.67,relative,,14,client/panels/Shop/init.lua:416
shop.reason.noPass,17,30,1.76,relative,,14,client/panels/Shop/init.lua:426
shop.reason.none,11,17,1.55,relative,,14,client/panels/Shop/init.lua:427
shop.reason.notNearStation,18,22,1.22,relative,,14,client/panels/Shop/init.lua:417
shop.reason.notOwned,16,24,1.5,relative,,14,client/panels/Shop/init.lua:425
shop.reason.notPremium,19,30,1.58,relative,,14,client/panels/Shop/init.lua:426
shop.reason.notReached,15,33,2.2,relative,,14,client/panels/Shop/init.lua:426
shop.reason.notReady,14,26,1.86,relative,,14,client/panels/Shop/init.lua:425
shop.reason.outOfRange,23,25,1.09,relative,,14,client/panels/Shop/init.lua:416
shop.reason.owned,11,20,1.82,relative,,14,client/panels/Shop/init.lua:425
shop.reason.rejected,19,21,1.11,relative,,14,client/panels/Shop/init.lua:434
shop.reason.restricted,20,27,1.35,relative,,14,client/panels/Shop/init.lua:427
shop.reason.shards,12,25,2.08,relative,,14,client/panels/Shop/init.lua:425
shop.recommend.note,16,23,1.44,relative,,14,client/panels/Shop/RecommendTab.lua:29
shop.robuxPrice,7,9,1.29,fixed,104,14,client/panels/Shop/ConvenienceTab.lua:40
shop.shardPrice,6,10,1.67,fixed,84,14,client/panels/Shop/CosmeticTab.lua:30
shop.slot.dashTrail,6,10,1.67,relative,,14,client/panels/Shop/CosmeticTab.lua:112
shop.slot.footstep,6,9,1.5,relative,,14,client/panels/Shop/CosmeticTab.lua:112
shop.slot.glideTrail,5,11,2.2,relative,,14,client/panels/Shop/CosmeticTab.lua:112
shop.slot.gliderSkin,4,6,1.5,relative,,14,client/panels/Shop/CosmeticTab.lua:112
shop.slot.jumpFx,6,7,1.17,relative,,14,client/panels/Shop/CosmeticTab.lua:112
shop.slot.nameplateBadge,2,5,2.5,relative,,14,client/panels/Shop/CosmeticTab.lua:142
shop.slot.nameplateColor,5,10,2.0,relative,,14,client/panels/Shop/CosmeticTab.lua:128
shop.status.bought,19,31,1.63,relative,,14,client/panels/Shop/init.lua:103
shop.status.buyFailed,25,38,1.52,relative,,14,client/panels/Shop/init.lua:103
shop.status.claimFailed,9,11,1.22,relative,,14,client/panels/Shop/init.lua:110
shop.status.claimed,5,7,1.4,relative,,14,client/panels/Shop/init.lua:110
shop.status.equipFailed,10,11,1.1,relative,,14,client/panels/Shop/init.lua:106
shop.status.equipped,6,8,1.33,relative,,14,client/panels/Shop/init.lua:106
shop.status.prompted,11,22,2.0,relative,,14,client/panels/Shop/init.lua:115
shop.status.sending,7,10,1.43,relative,,14,client/panels/Shop/init.lua:119
shop.status.ticketBought,4,6,1.5,relative,,14,client/panels/Shop/init.lua:467
shop.tab.convenience,2,5,2.5,relative,,14,client/panels/Shop/init.lua:266
shop.tab.cosmetic,2,5,2.5,relative,,14,client/panels/Shop/init.lua:266
shop.tab.gold,2,4,2.0,relative,,14,client/panels/Shop/init.lua:266
shop.tab.recommend,2,5,2.5,relative,,14,client/panels/Shop/init.lua:266
shop.tab.season,2,6,3.0,relative,,14,client/panels/Shop/init.lua:266
shop.title,2,4,2.0,relative,,14,client/panels/Shop/init.lua:249
skillCard.dash,2,4,2.0,relative,,14,client/hud/SkillTooltip.lua:118
skillCard.duration,7,8,1.14,relative,,14,client/hud/SkillTooltip.lua:122
skillCard.rebirthGuide,5,12,2.4,fixed,130,14,client/hud/SkillTooltip.lua:93
skillCard.ultGauge,20,37,1.85,relative,,14,client/hud/SkillTooltip.lua:120
skillCard.unlock,30,44,1.47,relative,,14,client/hud/SkillTooltip.lua:145
srv.boss.leaderGate,16,36,2.25,relative,,14,server/BossGate.lua:238
srv.boss.leaderStage,24,37,1.54,relative,,14,server/StageServer.server.lua:110
srv.boss.partyBlocked,24,38,1.58,relative,,14,server/BossGate.lua:247
srv.boss.recordLow,41,39,0.95,relative,,14,server/CombatResolution.lua:356
srv.chest.opened,29,38,1.31,relative,,14,server/CombatResolution.lua:427
srv.chest.spawned,45,50,1.11,relative,,14,server/MonsterSpawner.lua:514
srv.chest.vanished,24,32,1.33,relative,,14,server/MonsterSpawner.lua:526
srv.chest.zoneLabel,22,19,0.86,relative,,14,server/MonsterSpawner.lua:512
srv.codex.cells,4,9,2.25,relative,,14,server/CodexService.lua:269
srv.gate.objectText,13,15,1.15,relative,,14,server/BossGate.lua:282
srv.gate.registerAction,5,8,1.6,relative,,14,server/BossGate.lua:281
srv.hof.empty,23,34,1.48,relative,,28,server/HallOfFame.lua:75
srv.hof.headTranscend,21,31,1.48,relative,,14,server/HallOfFame.lua:116
srv.hof.title,15,16,1.07,relative,,44,server/HallOfFame.lua:49
srv.party.arrivalBossWait,29,40,1.38,relative,,14,server/PartyCrossServer.lua:565
srv.party.created,26,31,1.19,relative,,14,server/PartyServer.server.lua:241
srv.party.err.alreadyInParty,14,27,1.93,relative,,14,server/PartyCrossServer.lua:71
srv.party.err.alreadyJoining,17,30,1.76,relative,,14,server/PartyCrossServer.lua:72
srv.party.err.alreadyMember,14,30,2.14,relative,,14,server/PartyCrossServer.lua:70
srv.party.err.boardGone,14,26,1.86,relative,,14,server/PartyServer.server.lua:53
srv.party.err.boardRole,18,33,1.83,relative,,14,server/PartyServer.server.lua:54
srv.party.err.boardTags,16,28,1.75,relative,,14,server/PartyServer.server.lua:52
srv.party.err.cancelled,10,15,1.5,relative,,14,server/PartyCrossServer.lua:76
srv.party.err.disbanded,11,24,2.18,relative,,14,server/PartyCrossServer.lua:78
srv.party.err.full,18,26,1.44,relative,,14,server/PartyCrossServer.lua:69
srv.party.err.inBoss,22,37,1.68,relative,,14,server/PartyServer.server.lua:48
srv.party.err.joining,15,28,1.87,relative,,14,server/PartyServer.server.lua:50
srv.party.err.noInvite,12,16,1.33,relative,,14,server/PartyServer.server.lua:43
srv.party.err.noProfile,18,29,1.61,relative,,14,server/PartyCrossServer.lua:74
srv.party.err.notFound,30,24,0.8,relative,,14,server/PartyCrossServer.lua:68
srv.party.err.notLeader,12,28,2.33,relative,,14,server/PartyServer.server.lua:41
srv.party.err.notMember,9,27,3.0,relative,,14,server/PartyServer.server.lua:46
srv.party.err.partyGone,15,28,1.87,relative,,14,server/PartyServer.server.lua:45
srv.party.err.self,17,26,1.53,relative,,14,server/PartyServer.server.lua:38
srv.party.err.service,33,38,1.15,relative,,14,server/PartyCrossServer.lua:75
srv.party.err.targetHasInvite,23,34,1.48,relative,,14,server/PartyServer.server.lua:40
srv.party.err.targetInParty,20,32,1.6,relative,,14,server/PartyServer.server.lua:39
srv.party.err.teleportFailed,30,34,1.13,relative,,14,server/PartyCrossServer.lua:77
srv.party.err.tutorial,24,31,1.29,relative,,14,server/PartyCrossServer.lua:73
srv.party.err.unknown,14,18,1.29,relative,,14,server/PartyServer.server.lua:59
srv.party.err.wrongServer,27,40,1.48,relative,,14,server/PartyCrossServer.lua:79
srv.party.fallbackName,2,5,2.5,relative,,14,server/PartyCrossServer.lua:523
srv.party.inviteDeclined,23,31,1.35,relative,,14,server/PartyState.lua:556
srv.party.inviteNoReply,27,37,1.37,relative,,14,server/PartyState.lua:538
srv.party.invited,19,23,1.21,relative,,14,server/PartyServer.server.lua:187
srv.party.invitedRemote,21,27,1.29,relative,,14,server/PartyServer.server.lua:224
srv.party.joined,23,30,1.3,relative,,14,server/PartyCrossServer.lua:471
srv.party.kicked,12,32,2.67,relative,,14,server/PartyState.lua:699
srv.party.moving,25,36,1.44,relative,,14,server/PartyCrossServer.lua:711
srv.party.noJoinToCancel,15,18,1.2,relative,,14,server/PartyServer.server.lua:267
srv.party.rejoined,10,26,2.6,relative,,14,server/PartyState.lua:502
srv.party.tpEnded,31,35,1.13,relative,,14,server/PartyCrossServer.lua:736
srv.party.tpFlooded,29,39,1.34,relative,,14,server/PartyCrossServer.lua:738
srv.party.tpFull,39,36,0.92,relative,,14,server/PartyCrossServer.lua:734
srv.party.voteFailed,37,35,0.95,relative,,14,server/PartyVote.lua:51
srv.party.votePending,17,26,1.53,relative,,14,server/BossGate.lua:259
srv.party.waitBoss,24,39,1.62,relative,,14,server/PartyCrossServer.lua:654
srv.party.waitFull,38,37,0.97,relative,,14,server/PartyCrossServer.lua:656
srv.raid.soloOnly,34,28,0.82,relative,,14,server/BossGate.lua:198
srv.reward.egg,3,5,1.67,relative,,14,server/CodexService.lua:201
srv.reward.eggFull,15,29,1.93,relative,,14,server/QuestService.lua:157
srv.reward.enhanceStone,7,17,2.43,relative,,14,server/QuestService.lua:144
srv.reward.gemDust,9,12,1.33,relative,,14,server/CodexService.lua:188
srv.reward.gold,6,8,1.33,relative,,14,server/CodexService.lua:184
srv.reward.passExp,10,12,1.2,relative,,14,server/QuestService.lua:178
srv.reward.protectDrop,10,26,2.6,relative,,14,server/QuestService.lua:174
srv.reward.rebirthTicket,10,23,2.3,relative,,14,server/QuestService.lua:166
srv.reward.sparkleShard,9,17,1.89,relative,,14,server/QuestService.lua:162
srv.tutorial.graduated,20,39,1.95,relative,,14,server/TutorialState.lua:242
toast.autoDismantle,22,30,1.36,relative,,14,client/hud/AutoProcessToast.client.lua:20
toast.autoSell,24,31,1.29,relative,,14,client/hud/AutoProcessToast.client.lua:21
today.title,6,13,2.17,relative,,14,client/hud/TodayGoal.client.lua:39
today.training,12,14,1.17,relative,,14,client/hud/TodayGoal.client.lua:140
training.button,7,9,1.29,relative,,14,client/panels/Training.lua:124
training.hint,29,38,1.31,relative,,14,client/panels/Training.lua:155
training.line,15,34,2.27,relative,,14,client/panels/Training.lua:76
training.title,2,8,4.0,relative,,14,client/panels/Training.lua:58
training.value,13,13,1.0,relative,,14,client/panels/Training.lua:118
training.valueCap,9,10,1.11,relative,,14,client/panels/Training.lua:117
transcendent.special.frenzy,35,66,1.89,relative,,14,shared/ItemDescribe.lua:34
transcendent.special.phantom,37,71,1.92,relative,,14,shared/ItemDescribe.lua:31
transcendent.special.soar,33,52,1.58,relative,,14,shared/ItemDescribe.lua:36
travel.cpCancel,7,17,2.43,relative,,14,client/TravelChannelView.client.lua:93
travel.cpFound,20,28,1.4,relative,,14,client/TravelChannelView.client.lua:151
travel.recallCancel,5,15,3.0,relative,,14,client/TravelChannelView.client.lua:93
ui.class.cancel,2,6,3.0,fixed,150,16,client/ClassSelectUI.client.lua:119
ui.class.confirmChecking,28,35,1.25,relative,,15,client/ClassSelectUI.client.lua:149
ui.class.confirmContinue,50,62,1.24,relative,,15,client/ClassSelectUI.client.lua:164
ui.class.confirmFresh,50,63,1.26,relative,,15,client/ClassSelectUI.client.lua:167
ui.class.hint,47,53,1.13,fixed,356,12,client/ClassSelectUI.client.lua:70
ui.class.reopen,5,5,1.0,fixed,90,14,client/ClassSelectUI.client.lua:264
ui.class.row,40,43,1.07,fixed,356,15,client/ClassSelectUI.client.lua:194
ui.class.switch,2,6,3.0,fixed,150,16,client/ClassSelectUI.client.lua:107
ui.class.title,9,14,1.56,relative,,20,client/ClassSelectUI.client.lua:41
ui.confirm.cancel,2,6,3.0,relative,,14,client/ui/kit/Confirm.lua:126
ui.confirm.ok,2,2,1.0,relative,,14,client/ui/kit/Confirm.lua:124
ui.inspect.cardUser,32,48,1.5,relative,,14,client/panels/Inspect.lua:326
ui.inspect.col.diff,2,4,2.0,relative,,14,client/panels/Inspect.lua:231
ui.inspect.col.mine,1,4,4.0,relative,,14,client/panels/Inspect.lua:230
ui.inspect.col.theirs,2,6,3.0,relative,,14,client/panels/Inspect.lua:229
ui.inspect.compare,8,15,1.88,relative,,14,client/panels/Inspect.lua:124
ui.inspect.emptyGem,5,5,1.0,relative,,14,client/panels/Inspect.lua:266
ui.inspect.err.badRequest,10,23,2.3,relative,,14,client/panels/Inspect.lua:41
ui.inspect.err.noClass,21,28,1.33,relative,,14,client/panels/Inspect.lua:40
ui.inspect.err.notInServer,14,27,1.93,relative,,14,client/panels/Inspect.lua:39
ui.inspect.err.rateLimited,13,21,1.62,relative,,14,client/panels/Inspect.lua:38
ui.inspect.hiddenPart,22,38,1.73,relative,,14,client/panels/Inspect.lua:73
ui.inspect.loading,7,8,1.14,relative,,14,client/panels/Inspect.lua:414
ui.inspect.mineFailed,16,22,1.38,relative,,14,client/panels/Inspect.lua:365
ui.inspect.none,2,4,2.0,relative,,14,client/panels/Inspect.lua:266
ui.inspect.part.armor,2,5,2.5,relative,,14,client/panels/Inspect.lua:44
ui.inspect.part.gear,2,4,2.0,relative,,14,client/panels/Inspect.lua:73
ui.inspect.part.gem,6,7,1.17,fixed,56,14,client/panels/Inspect.lua:166
ui.inspect.part.gloves,2,6,3.0,relative,,14,client/panels/Inspect.lua:44
ui.inspect.part.shoes,2,5,2.5,relative,,14,client/panels/Inspect.lua:44
ui.inspect.part.weapon,2,6,3.0,relative,,14,client/panels/Inspect.lua:44
ui.inspect.title,5,9,1.8,relative,,14,client/panels/Inspect.lua:88
ui.milestone.afterRebirth,7,13,1.86,relative,,14,client/panels/Milestones.lua:153
ui.milestone.allUnlocked,12,20,1.67,relative,,14,client/panels/Milestones.lua:147
ui.milestone.big,20,26,1.3,relative,,14,client/panels/Milestones.lua:152
ui.milestone.bucket,54,70,1.3,relative,,14,client/panels/Milestones.lua:132
ui.milestone.cap,18,22,1.22,relative,,14,client/panels/Milestones.lua:159
ui.milestone.capReached,30,38,1.27,relative,,14,client/panels/Milestones.lua:136
ui.milestone.every,6,10,1.67,relative,,14,client/panels/Milestones.lua:155
ui.milestone.got,2,3,1.5,relative,,14,client/panels/Milestones.lua:153
ui.milestone.gotReserved,18,24,1.33,relative,,14,client/panels/Milestones.lua:167
ui.milestone.gotTimes,7,8,1.14,relative,,14,client/panels/Milestones.lua:156
ui.milestone.heading,19,23,1.21,relative,,14,client/panels/Milestones.lua:131
ui.milestone.ladderHeader,24,43,1.79,relative,,14,client/panels/Milestones.lua:150
ui.milestone.levelsLeft,9,15,1.67,relative,,14,client/panels/Milestones.lua:153
ui.milestone.locked,39,50,1.28,relative,,14,client/panels/Milestones.lua:134
ui.milestone.nextStat,38,49,1.29,relative,,14,client/panels/Milestones.lua:139
ui.milestone.nextUnlock,36,50,1.39,relative,,14,client/panels/Milestones.lua:145
ui.milestone.nextUnlockLeft,48,61,1.27,relative,,14,client/panels/Milestones.lua:145
ui.milestone.reached,2,7,3.5,relative,,14,client/panels/Milestones.lua:159
ui.milestone.small,21,28,1.33,relative,,14,client/panels/Milestones.lua:155
ui.milestone.title,20,40,2.0,relative,,14,client/panels/Milestones.lua:32
ui.milestone.unlockHeader,42,80,1.9,relative,,14,client/panels/Milestones.lua:161
ui.panel.blockedCanOpen,12,20,1.67,relative,,14,client/UIManager.lua:343
ui.panel.blockedOverlay,14,22,1.57,relative,,14,client/UIManager.lua:343
ui.panel.menu.character,3,9,3.0,relative,,14,client/ui/PanelRegistry.lua:27
ui.panel.menu.codex,2,5,2.5,relative,,14,client/ui/PanelRegistry.lua:32
ui.panel.menu.inventory,2,3,1.5,relative,,14,client/ui/PanelRegistry.lua:26
ui.panel.menu.leaderboard,2,4,2.0,relative,,14,client/ui/PanelRegistry.lua:35
ui.panel.menu.party,2,5,2.5,relative,,14,client/ui/PanelRegistry.lua:34
ui.panel.menu.quests,3,6,2.0,relative,,14,client/ui/PanelRegistry.lua:31
ui.panel.menu.settings,2,8,4.0,relative,,14,client/ui/PanelRegistry.lua:36
ui.panel.menu.stageSelect,5,5,1.0,relative,,14,client/ui/PanelRegistry.lua:30
ui.panel.menu.training,2,8,4.0,relative,,14,client/ui/PanelRegistry.lua:33
ui.panel.menu.worldMap,2,3,1.5,relative,,14,client/ui/PanelRegistry.lua:28
ui.party.cancel,2,6,3.0,relative,,14,client/panels/Party.lua:431
ui.party.cancelJoin,8,11,1.38,relative,,14,client/panels/Party.lua:287
ui.party.code,17,22,1.29,relative,,14,client/panels/Party.lua:391
ui.party.codeHint,38,42,1.11,relative,,14,client/panels/Party.lua:251
ui.party.codePending,11,19,1.73,relative,,14,client/panels/Party.lua:391
ui.party.codePlaceholder,8,10,1.25,relative,,14,client/panels/Party.lua:262
ui.party.create,14,19,1.36,relative,,14,client/panels/Party.lua:282
ui.party.dummyName,15,18,1.2,relative,,14,client/panels/Party.lua:406
ui.party.empty,81,128,1.58,relative,,14,client/panels/Party.lua:351
ui.party.friendMeta,11,21,1.91,relative,,14,client/panels/Party.lua:484
ui.party.friendsHeader,37,43,1.16,relative,,14,client/panels/Party.lua:477
ui.party.friendsNone,19,34,1.79,relative,,14,client/panels/Party.lua:477
ui.party.help.bonusPart,10,17,1.7,relative,,14,client/panels/Party.lua:158
ui.party.help.dropBody,46,87,1.89,relative,,14,client/panels/Party.lua:166
ui.party.help.dropHead,7,13,1.86,relative,,14,client/panels/Party.lua:165
ui.party.help.expBody,30,45,1.5,relative,,14,client/panels/Party.lua:164
ui.party.help.expHead,8,11,1.38,relative,,14,client/panels/Party.lua:163
ui.party.help.gateBody,92,149,1.62,relative,,14,client/panels/Party.lua:162
ui.party.help.gateHead,9,19,2.11,relative,,14,client/panels/Party.lua:161
ui.party.help.stageBody,56,83,1.48,relative,,14,client/panels/Party.lua:168
ui.party.help.stageHead,12,17,1.42,relative,,14,client/panels/Party.lua:167
ui.party.invite,2,6,3.0,relative,,14,client/panels/Party.lua:468
ui.party.joinCode,6,9,1.5,relative,,14,client/panels/Party.lua:273
ui.party.kick,2,4,2.0,relative,,14,client/panels/Party.lua:415
ui.party.leave,5,11,2.2,relative,,12,client/panels/Party.lua:338
ui.party.member,3,6,2.0,relative,,14,client/panels/Party.lua:468
ui.party.memberMeta,21,22,1.05,relative,,14,client/panels/Party.lua:408
ui.party.movingIn,13,27,2.08,relative,,14,client/panels/Party.lua:429
ui.party.myParty,4,8,2.0,relative,,14,client/panels/Party.lua:149
ui.party.myTitle,14,18,1.29,relative,,14,client/panels/Party.lua:386
ui.party.myTitleBoss,22,31,1.41,relative,,14,client/panels/Party.lua:386
ui.party.serverPlayers,7,14,2.0,relative,,14,client/panels/Party.lua:150
ui.party.serverTitle,30,46,1.53,relative,,14,client/panels/Party.lua:449
ui.party.title,2,5,2.5,relative,,14,client/panels/Party.lua:82
ui.playerMenu.addFriend,5,10,2.0,relative,,14,client/panels/PlayerMenu.lua:65
ui.playerMenu.alreadyFriend,8,15,1.88,relative,,14,client/panels/PlayerMenu.lua:167
ui.playerMenu.chatLockedPair,17,24,1.41,relative,,14,client/panels/PlayerMenu.lua:181
ui.playerMenu.chatLockedSelf,19,23,1.21,relative,,14,client/panels/PlayerMenu.lua:176
ui.playerMenu.friendFailed,17,25,1.47,relative,,14,client/panels/PlayerMenu.lua:70
ui.playerMenu.inspect,5,9,1.8,relative,,14,client/panels/PlayerMenu.lua:84
ui.playerMenu.left,11,22,2.0,relative,,14,client/panels/PlayerMenu.lua:138
ui.playerMenu.whisper,3,7,2.33,relative,,14,client/panels/PlayerMenu.lua:75
ui.playerMenu.whisperFailed,17,28,1.65,relative,,14,client/panels/PlayerMenu.lua:81
ui.playerMenu.whisperSet,36,36,1.0,relative,,14,client/panels/PlayerMenu.lua:79
ui.prob.enhanceRow,87,91,1.05,relative,,14,client/panels/Probability.lua:108
ui.prob.firstBossMin,64,91,1.42,relative,,14,client/panels/Probability.lua:102
ui.prob.hatchRow,24,32,1.33,relative,,14,client/panels/Probability.lua:136
ui.prob.riftBelow,64,115,1.8,relative,,14,client/panels/Probability.lua:91
ui.prob.riftGainOnly,86,150,1.74,relative,,14,client/panels/Probability.lua:91
ui.quest.daysHours,10,9,0.9,relative,,14,client/panels/Quests.lua:263
ui.rank.card.failed,17,19,1.12,relative,,14,client/panels/Leaderboard.lua:554
ui.rank.card.noGear,18,29,1.61,relative,,14,client/panels/Leaderboard.lua:558
ui.rank.card.rateLimited,14,21,1.5,relative,,14,client/panels/Leaderboard.lua:554
ui.rank.empty,11,14,1.27,relative,,14,client/panels/Leaderboard.lua:393
ui.rank.hall.empty,25,37,1.48,relative,,14,client/panels/Leaderboard.lua:352
ui.rank.hall.first,26,32,1.23,relative,,14,client/panels/Leaderboard.lua:350
ui.rank.hall.loading,22,21,0.95,relative,,14,client/panels/Leaderboard.lua:348
ui.rank.hall.title,29,35,1.21,relative,,14,client/panels/Leaderboard.lua:354
ui.rank.loading,7,8,1.14,relative,,14,client/panels/Leaderboard.lua:393
ui.rank.me.loading,13,17,1.31,relative,,14,client/panels/Leaderboard.lua:103
ui.rank.me.none,11,18,1.64,relative,,14,client/panels/Leaderboard.lua:122
ui.rank.me.outOfTop,23,35,1.52,relative,,14,client/panels/Leaderboard.lua:114
ui.rank.me.partyNone,18,24,1.33,relative,,14,client/panels/Leaderboard.lua:120
ui.rank.me.rank,20,24,1.2,relative,,14,client/panels/Leaderboard.lua:111
ui.rank.me.rankTime,26,30,1.15,relative,,14,client/panels/Leaderboard.lua:109
ui.rank.me.retry,19,22,1.16,relative,,14,client/panels/Leaderboard.lua:117
ui.rank.memberGear,18,22,1.22,relative,,14,client/panels/Leaderboard.lua:427
ui.rank.season.head,16,21,1.31,relative,,14,client/panels/Leaderboard.lua:327
ui.rank.season.left,17,20,1.18,relative,,14,client/panels/Leaderboard.lua:330
ui.rank.season.loading,14,20,1.43,relative,,14,client/panels/Leaderboard.lua:325
ui.rank.season.myBest,27,29,1.07,relative,,14,client/panels/Leaderboard.lua:341
ui.rank.season.noStart,18,23,1.28,relative,,14,client/panels/Leaderboard.lua:332
ui.rank.season.rule1,38,39,1.03,relative,,14,client/panels/Leaderboard.lua:335
ui.rank.season.rule2,46,63,1.37,relative,,14,client/panels/Leaderboard.lua:336
ui.rank.season.rule3,41,59,1.44,relative,,14,client/panels/Leaderboard.lua:337
ui.rank.season.rule4,21,32,1.52,relative,,14,client/panels/Leaderboard.lua:338
ui.rank.season.rule5,32,44,1.38,relative,,14,client/panels/Leaderboard.lua:339
ui.rank.stage,8,9,1.12,relative,,14,client/panels/Leaderboard.lua:383
ui.rank.tab.all,2,3,1.5,relative,,14,client/panels/Leaderboard.lua:36
ui.rank.tab.class,3,5,1.67,relative,,14,client/panels/Leaderboard.lua:37
ui.rank.tab.party,2,5,2.5,relative,,14,client/panels/Leaderboard.lua:38
ui.rank.tab.season,2,6,3.0,relative,,14,client/panels/Leaderboard.lua:39
ui.rank.title,2,4,2.0,relative,,14,client/panels/Leaderboard.lua:148
ui.reward.short.egg,1,3,3.0,relative,,14,client/ui/RewardIcons.lua:20
ui.reward.short.enhanceStone,1,2,2.0,relative,,14,client/ui/RewardIcons.lua:20
ui.reward.short.gemDust,2,4,2.0,relative,,14,client/ui/RewardIcons.lua:20
ui.reward.short.protectDrop,2,2,1.0,relative,,14,client/ui/RewardIcons.lua:20
ui.reward.short.rebirthTicket,1,2,2.0,relative,,14,client/ui/RewardIcons.lua:20
ui.reward.short.sparkleShard,2,5,2.5,relative,,14,client/ui/RewardIcons.lua:20
ui.reward.short.title,2,5,2.5,relative,,14,client/ui/RewardIcons.lua:20
ui.stage.blockedTutorial,22,34,1.55,relative,,14,client/StageSelectPanel.lua:708
ui.stage.err.bossAlive,38,59,1.55,relative,,14,client/StageSelectPanel.lua:53
ui.stage.err.bossLocked,24,25,1.04,relative,,14,client/StageSelectPanel.lua:49
ui.stage.err.partyBlocked,21,26,1.24,relative,,14,client/StageSelectPanel.lua:51
ui.stage.err.partyNotLeader,24,36,1.5,relative,,14,client/StageSelectPanel.lua:50
ui.stage.err.range,39,34,0.87,relative,,14,client/StageSelectPanel.lua:48
ui.stage.err.safeCap,20,33,1.65,relative,,14,client/StageSelectPanel.lua:55
ui.stage.err.unknown,22,23,1.05,relative,,14,client/StageSelectPanel.lua:742
ui.stage.err.votePending,17,25,1.47,relative,,14,client/StageSelectPanel.lua:52
ui.stage.frontier,3,8,2.67,relative,,14,client/StageSelectPanel.lua:430
ui.stage.legend.cleared,8,11,1.38,relative,,14,client/StageSelectPanel.lua:256
ui.stage.legend.inProgress,8,15,1.88,relative,,14,client/StageSelectPanel.lua:256
ui.stage.legend.locked,10,10,1.0,relative,,14,client/StageSelectPanel.lua:256
ui.stage.legend.reward,15,22,1.47,relative,,14,client/StageSelectPanel.lua:256
ui.stage.next,8,10,1.25,relative,,14,client/StageSelectPanel.lua:431
ui.stage.prev,8,10,1.25,relative,,14,client/StageSelectPanel.lua:429
ui.stage.title,9,15,1.67,relative,,15,client/StageSelectPanel.lua:197
variant.axis.cooldown,8,13,1.62,relative,,14,shared/SkillVariant.lua:88
variant.axis.damage,7,11,1.57,relative,,14,shared/SkillVariant.lua:88
variant.axis.range,7,10,1.43,relative,,14,shared/SkillVariant.lua:88
variant.line,44,52,1.18,relative,,14,shared/SkillVariant.lua:93
variant.off,22,30,1.36,relative,,14,shared/ItemDescribe.lua:124
vote.enter.title,10,15,1.5,relative,,14,client/hud/PartyRequests.client.lua:85
vote.giveup.body,36,61,1.69,relative,,14,client/hud/PartyRequests.client.lua:69
vote.giveup.leaderBody,31,38,1.23,relative,,14,client/hud/PartyRequests.client.lua:69
vote.giveup.title,8,17,2.12,relative,,14,client/hud/PartyRequests.client.lua:67
vote.retry.body,22,25,1.14,relative,,14,client/hud/PartyRequests.client.lua:69
vote.retry.leaderBody,32,36,1.12,relative,,14,client/hud/PartyRequests.client.lua:69
vote.retry.title,6,10,1.67,relative,,14,client/hud/PartyRequests.client.lua:67
world.communityCenter,7,16,2.29,relative,,14,server/SaveSystem.lua:1638
